kmer_1,kmer_2,distance,sample,genbank_accession,taxonomy_id
AAAAATATTTATAATGATAGTAGGAGGCTTGATAGGATTAA,CTACGGAGCCTGTGCCTCTTCAGCTACCACCGCTTGAGAGA,191,HIV-1,AF033819.3,11676
AAAAATATTTATAATGATAGTAGGAGGCTTGATAGGATTAA,CTGGGACACAGCAGTCTCAAGGGACTGAGACTGGGGTGGGA,266,US.98,AY331295,11676
AAAATTCAAAATTTTCGGGTTTATTACAGGGACAGCAGAGA,GGATTAGAACATGGAACAGTTTAGTAAAACATCATATGTAT,165,HXB2,K03455,11676
AAAATTCAAAATTTTCGGGTTTATTACAGGGACAGCAGAGA,TGAGGATTAGAACATGGAACAGTTTAGTAAAACATCATATG,162,HIV-1,AF033819.3,11676
AAAGACAGCACTAAATGGAGAAAATTAGTAGATTTCAGAGA,CATCCAGCGGGCCTAAAAAAGAAAAAATCAGTAACAGTACT,49,US.98,AY331295,11676
AAAGCAGCCTGTTGGTGGGCAAATATCCAACAGGAATTTGG,CATTCACAATTTTAAAAGAAAAGGGGGGATTGGGGGGTACA,123,HXB2,K03455,11676
AAAGGACCAGCAAAACTACTCTGGAAAGGTGAAGGGGCAGT,ACAGGACAATAGTGATATAAAAGTAGTACCAAGAAGAAAAG,6,HIV-1,AF033819.3,11676
AAAGGACCAGCAAAACTACTCTGGAAAGGTGAAGGGGCAGT,TGATATAAAAGTAGTACCAAGAAGAAAAGTAAAGATCATTA,18,US.98,AY331295,11676
AAAGGGGAAGCCATGCATGGACAAGTAGACTGCAGTCCAGG,GGCTATATAGAAGCAGAAGTTATCCCAGCAGAAACAGGACA,67,HXB2,K03455,11676
AAATCAGTAACAGTACTAGATGTGGGGGACGCATATTTTTC,GGGATGGAAAGGATCACCAGCAATATTCCAGAGTAGCATGA,102,HIV-1,AF033819.3,11676
AAATTTCAAAAATTGGGCCTGAAAATCCATACAATACTCCA,AGAACTCAAGACTTCTGGGAAGTTCAGTTAGGAATACCACA,69,US.98,AY331295,11676
AACAACAATACAAGAAAAAGTATACGCTTTGGACCAGGACA,AATTACAACACATAGTTTTAATTGTGGAGGAGAATTTTTCT,168,HXB2,K03455,11676
AACAACAATACAAGAAAAAGTATACGCTTTGGACCAGGACA,ACAACACATAGTTTTAATTGTGGAGGAGAATTTTTCTATTG,169,HIV-1,AF033819.3,11676
AACACAGTGGGGGGACATCAAGCAGCTATGCAAATGTTAAA,CTTCAGGAACAAATAGGATGGATGACCAGCAACCCACCTAT,121,US.98,AY331295,11676
AACTGTGTAAACTCCTCAGGGGAGCCAAAGCACTAACAGAT,GAATTAGAATTGGCAGAGAACAGGGAGATTCTAAAAGAACC,24,HXB2,K03455,11676
AACTGTTTTTCAGACTCTGCCATAAGGAAAGCCATATTAGG,GCTGTTAGACATTTTCCTAGGCCATGGCTCCATGGATTAGG,228,HIV-1,AF033819.3,11676
AACTGTTTTTCAGACTCTGCCATAAGGAAAGCCATATTAGG,GGATAGATGGAACAAGCCCCAGAAGACCAGGGGCCACAGAG,135,US.98,AY331295,11676
AAGCAGAATTAGAATTGGAAGAGAACAGGGAGATTCTAAAA,AGAACCATTTAAAAATCTAAAAACAGGGAAATATGCAAAAA,95,HXB2,K03455,11676
AAGCAGAATTAGAATTGGAAGAGAACAGGGAGATTCTAAAA,GTATATTATGACCCATCAAAAGACTTAATAGCAGAAATACA,15,HIV-1,AF033819.3,11676
AAGGCTACTTCCCTGATTGGCAGAATTACACACCAGGGCCA,TACCCACTAACATTTGGATGGTGCTTCAAGCTAGTACCAGT,9,US.98,AY331295,11676
AAGTAATACATACAGACAATGGGCCCAATTTCACCAGTGCA,GTGGAATCTATGAATAAAGAATTAAAGAAAATCATAGGGCA,78,HXB2,K03455,11676
AATACAGTAGCAACCCTCTATTGCGTACATCAACGGATAGA,CAAAATTACCCTATAGTGCAAAATGCACAAGGGCAAATGAT,109,HIV-1,AF033819.3,11676
AATAGGATTAAGAATAGTTTTTGCTGTGCTTTCTATAATAA,CGATTAGTGAGCGGATTCTTAGCACTTGCCTGGGACGACCT,122,US.98,AY331295,11676
AATAGGATTAAGAATAGTTTTTGCTGTGCTTTCTATAATAA,CTACGGAGCCTGTGCCTCTTCAGCTACCACCGCTTGAGAGA,161,HXB2,K03455,11676
AATAGTAAGAATGTATAGCCCTGTCAGCATTTTGGACATAA,AGAGACTATGTAGATAGGTTCTTTAAAACTCTCAGAGCTGA,23,HIV-1,AF033819.3,11676
AATAGTAAGAATGTATAGCCCTGTCAGCATTTTGGACATAA,GTAAAAAATTGGATGACAGACACCTTGCTGGTCCAAAATGC,80,US.98,AY331295,11676
AATATAAGAAATTGCTAAAGCAAAGAAAAATAGACAGGTTA,ATGCATACAGATATAATCAGTCTATGGGACCAAAGCCTAAA,343,HXB2,K03455,11676
AATATAAGAAATTGCTAAAGCAAAGAAAAATAGACAGGTTA,GAGTTTAACATGTGGAAAAATAACATGGTAGAGCAGATGCA,307,HIV-1,AF033819.3,11676
AATCAAACATTACAGGACTAATATTAACAAGAGATGGTGGG,AGGCAAGGAGAAGAGTGGTGGAGAGAGAAAAAAGAGCAGTT,121,US.98,AY331295,11676
AATCAAACATTACAGGACTAATATTAACAAGAGATGGTGGG,GGACAATTGGAGAAGTGAATTATATAAGTATAAAGTAGTAA,53,HXB2,K03455,11676
AATGGAGGCTAAAAAGATATAGCACACAAATAGATCCTGAC,AACTGTTTTTCAGACTCTGCCATAAGGAAAGCCATATTAGG,33,HIV-1,AF033819.3,11676
AATGGAGGCTAAAAAGATATAGCACACAAATAGATCCTGAC,TAGATGGAACAAGCCCCAGAAGACCAGGGGCCACAGAGGGA,212,US.98,AY331295,11676
AATTACAACACATAGTTTTAATTGTGGAGGAGAATTTTTCT,AGCAATGTATGCCCCTCCCATTGCAGGAGTAATAAAGTGTA,157,HXB2,K03455,11676
AATTGCAGGGCCCCTAGGAAAAAGGGCTGTTGGAAATGTGG,GGGAAAATTTGGCCTTCCAGCAAGGGGAGGCCAGGAAATTT,52,HIV-1,AF033819.3,11676
AATTTTCCAATTAGTCCTATTGAAACTGTACCAGTAAAATT,AAATTTCAAAAATTGGGCCTGAAAATCCATACAATACTCCA,101,US.98,AY331295,11676
AATTTTCCAATTAGTCCTATTGAAACTGTACCAGTAAAATT,ACAGAAGAAAAAATAAAAGCATTAACAGAAATTTGTAAAGA,43,HXB2,K03455,11676
ACAACACATAGTTTTAATTGTGGAGGAGAATTTTTCTATTG,AATCAAACATTACAGGACTAATATTAACAAGAGATGGTGGG,182,HIV-1,AF033819.3,11676
ACAACACATAGTTTTAATTGTGGAGGAGAATTTTTCTATTG,AGCAATGTATGCCCCTCCCATTGCAGGAGTAATAAAGTGTA,132,US.98,AY331295,11676
ACAGAAGAAAAAATAAAAGCATTAACAGAAATTTGTAAAGA,AGAACTCAAGACTTCTGGGAAGTTCAGTTAGGAATACCACA,127,HXB2,K03455,11676
ACAGGACAATAGTGATATAAAAGTAGTACCAAGAAGAAAAG,GGATTAGAACATGGAACAGTTTAGTAAAACATCATATGTAT,67,HIV-1,AF033819.3,11676
ACAGTATTAGTAGGACCTACACCTGTCAACATAATTGGAAG,CATTGACAGAAGAAAAAATAAAAGCATTAACAGAAATTTGT,110,US.98,AY331295,11676
ACTAAGCTAGGAAAAGCAGGGTATGTCACTGACAGAGGAAG,AGGTTGTTTCCCTAACTGAGACAACAAATCAAAAGACTGAA,5,HXB2,K03455,11676
ACTAAGCTAGGAAAAGCAGGGTATGTCACTGACAGAGGAAG,ATTTTTAGATGGGATAGATAAGGCTCAAGAAGAACATGAAA,291,HIV-1,AF033819.3,11676
ACTATGGGCGCGGCGTCAATAACGCTGACGGTACAGGCCAG,AGCAAAGCAATTTGCTGAGGGCTATAGAGGCTCAACAACAT,26,US.98,AY331295,11676
ACTTGTATGTAGGATCTGATTTAGAAATAGGGCAGCATAGA,CTGAGGAAGCAGAATTAGAATTGGCAGAGAACAGGGAGATT,289,HXB2,K03455,11676
ACTTGTATGTAGGATCTGATTTAGAAATAGGGCAGCATAGA,TTTACTACACCAGACAAAAAGCATCAGAAAGAACCTCCATT,42,HIV-1,AF033819.3,11676
AGAAAATTCGGTTAAGGCCAGGGGGAAAGAAAAAATATAGA,GAGGTAAAAGACACCAAGGAAGCTCTAGATAAAATAGAGGA,186,US.98,AY331295,11676
AGAAAATTCGGTTAAGGCCAGGGGGAAAGAAAAAATATAGA,TATGGGCAAGCAGGGAGCTGGAAAGATTTGCACTTAACCCT,13,HXB2,K03455,11676
AGAAATTAGTGGGAAAACTAAATTGGGCAAGTCAAATTTAT,AACTGTGTAAACTCCTCAGGGGAGCCAAAGCACTAACAGAT,19,HIV-1,AF033819.3,11676
AGAACCAAGGGGAAGTGACATAGCAGGAACTACTAGTACCC,TTAAATAAAATAGTAAGAATGTATAGCCCTGTTAGCATTTT,80,US.98,AY331295,11676
AGAACCATTTAAAAATCTAAAAACAGGGAAATATGCAAAAA,GCTACCTGGATTCCTGAGTGGGAGTTTGTCAATACCCCTCC,152,HXB2,K03455,11676
AGAACTCAAGACTTCTGGGAAGTTCAGTTAGGAATACCACA,AAATCAGTAACAGTACTAGATGTGGGGGACGCATATTTTTC,22,HIV-1,AF033819.3,11676
AGAACTCAAGACTTCTGGGAAGTTCAGTTAGGAATACCACA,TCACCAGCAATATTCCAGAGTAGCATGACAAAAATCCTAGA,178,US.98,AY331295,11676
AGAATTAAGTGTTTCAACTGTGGCAAGGAAGGACACCTAGC,TTCCCTCAAATCACTCTTTGGCAACGACCTCTTGTCACAGT,234,HXB2,K03455,11676
AGACATAATAGCAACAGATATACAAACTAAAGAATTACAAA,AAAATTCAAAATTTTCGGGTTTATTACAGGGACAGCAGAGA,11,HIV-1,AF033819.3,11676
AGACATAATAGCAACAGATATACAAACTAAAGAATTACAAA,AGGGACAGCAGAGATCCAATTTGGAAAGGACCAGCAAAACT,38,US.98,AY331295,11676
AGACTGGCACTTGGGTCATGGGGTCTCCATAGAATGGAGGC,TCTGTATTATTTTGACTGTTTTTCAGAATCTGCCATAAGGA,52,HXB2,K03455,11676
AGAGACTATGTAGATAGGTTCTTTAAAACTCTCAGAGCTGA,GTAAAAAATTGGATGACAGACACCTTGCTGGTCCAAAATGC,16,HIV-1,AF033819.3,11676
AGAGCAATGGCTCATGACTTTAATCTGCCACCTATAGTAGC,CAGGAATATGGCAACTAGATTGCACACATCTAGAAGGAAAA,75,US.98,AY331295,11676
AGAGCGTCAGTATTAAGTGGGGGAAAATTAGATGCATGGGA,TATGGGCAAGCAGGGAGCTGGAAAGATTTGCACTTAACCCT,53,HXB2,K03455,11676
AGCAAAGCAATTTGCTGAGGGCTATAGAGGCTCAACAACAT,GGCATTAAACAGCTCCAGGCAAGAGTCCTGGCTGTGGAAAG,21,HIV-1,AF033819.3,11676
AGCAAAGCAATTTGCTGAGGGCTATAGAGGCTCAACAACAT,GTCTGGGGCATTAAACAGCTCCAGGCAAGAGTCCTGGCTCT,15,US.98,AY331295,11676
AGCAATAGCAGTAGCTGGCTGGACAGATAGGGTTATAGAAA,ATGGAGCAGTCACAAGCAGCAATGTAAATCACCCTAGTTGC,212.5,HXB2,K03455,11676
AGCAATGTATGCCCCTCCCATTGCAGGAGTAATAAAGTGTA,CAAGGAGAAGAGTGGTGGAGAGAGAAAAAAGAGCAGTTGGA,168,HIV-1,AF033819.3,11676
AGCAATGTATGCCCCTCCCATTGCAGGAGTAATAAAGTGTA,TATAAAGTAGTAAAAATTGAACCACTAGGAATAGCACCCAC,116,US.98,AY331295,11676
AGCAATTGGAGAGCAATGGCTAGTGATTTTAATCTGCCACC,AAAGGGGAAGCCATGCATGGACAAGTAGACTGCAGTCCAGG,46,HXB2,K03455,11676
AGCAATTGGAGAGCAATGGCTAGTGATTTTAATCTGCCACC,TGTCAGCTAAAAGGGGAAGCCATGCATGGACAAGTAGACTG,37,HIV-1,AF033819.3,11676
AGCTCCTAGGAATTTGGGGCTGCTCTGGAAAACTCATCTGC,GGCTGTGGTATATAAAAATATTTATAATGATAGTAGGAGGC,220,US.98,AY331295,11676
AGCTCCTAGGAATTTGGGGCTGCTCTGGAAAACTCATCTGC,TATTGGCATTAGACAAATGGGCAAATTTGTGGAATTGGTTT,166,HXB2,K03455,11676
AGGAATTTGGGGCTGCTCTGGAAAACTCATCTGCACCACTA,AATAGGATTAAGAATAGTTTTTGCTGTGCTTTCTATAATAA,256,HIV-1,AF033819.3,11676
AGGAATTTGGGGCTGCTCTGGAAAACTCATCTGCACCACTA,CAGAACCAGCAGGAAAAGAATGAACAAGACTTATTGGCATT,128,US.98,AY331295,11676
AGGACAAAGCCACCTTTGCCTAGTGTTAGGAAATTAGTAGA,CATTTCAGAATTGGGTGCCAACATAGCAGAATAGGCATTAT,216,HXB2,K03455,11676
AGGACAAAGCCACCTTTGCCTAGTGTTAGGAAATTAGTAGA,TAGATGGAACAAGCCCCAGAAGACCAGGGGCCACAGAGGGA,3,HIV-1,AF033819.3,11676
AGGCAAGGAGAAGAGTGGTGGAGAGAGAAAAAAGAGCAGTT,CAACAGCAAAGCAATTTGCTGAGGGCTATAGAGGCTCAACA,108,US.98,AY331295,11676
AGGGACAGCAGAGATCCAATTTGGAAAGGACCAGCAAAACT,GGATTAGAACATGGAACAGTCTAGTAAAACATCATATGTAT,138,HXB2,K03455,11676
AGGTTGTTTCCCTAACTGAGACAACAAATCAAAAGACTGAA,ATAGTAACAGACTCACAGTATGCATTAGGAATCATTCAGGC,48,HIV-1,AF033819.3,11676
AGGTTGTTTCCCTAACTGAGACAACAAATCAAAAGACTGAA,GACAAAGTCTACCTGTCATGGGTACCAGCACACAAAGGAAT,150,US.98,AY331295,11676
ATACATGGATGACTTGTATGTAGGATCTGATTTAGAAATAG,TTTACTACACCAGACAAAAAGCATCAGAAAGAACCTCCATT,53,HXB2,K03455,11676
ATAGTAACAGACTCACAGTATGCATTAGGAATCATTCAGGC,GACAAAGTCTACCTGTCATGGGTACCAGCACACAAAGGAAT,61,HIV-1,AF033819.3,11676
ATAGTAACAGACTCACAGTATGCATTAGGAATCATTCAGGC,GGCTATATAGAAGCAGAAGTTATCCCAGCAGAAACAGGACA,400,US.98,AY331295,11676
ATAGTAAGAACATATTGGGGTCTGCACCCAGGAGAAAAAGA,TCTGTATTATTTTGACTGTTTTTCAGAATCTGCCATAAGGA,90,HXB2,K03455,11676
ATAGTGGGGGGACACCAGGCAGCTATGCAAATGTTAAAAGA,TAATCCTGGGATTAAATAAAATAGTAAGAATGTATAGCCCT,188,HIV-1,AF033819.3,11676
ATATTTGCTATAAAGAAAAAAGACAGCACTAAATGGAGAAA,TCAGTAACAGTACTAGATGTGGGGGACGCATATTTTTCAGT,94,US.98,AY331295,11676
ATCTCAGCCACTTTTTAAAAGAAAAGGGGGGACTGGATGGG,GCTACTTCCCTGATTGGCAGAATTACACACCAGGGCCAGGG,58,HXB2,K03455,11676
ATGCAAATGTTAAAAGATACCATCAATGAGGAAGCTGCAGA,AGAACCAAGGGGAAGTGACATAGCAGGAACTACTAGTACCC,54,HIV-1,AF033819.3,11676
ATGCATACAGATATAATCAGTCTATGGGACCAAAGCCTAAA,CCAATTCCTATACATTATTGTGCCCCAGCTGGTTTTGCGAT,271,US.98,AY331295,11676
ATGCATACAGATATAATCAGTCTATGGGACCAAAGCCTAAA,GTACGTATAGGACCAGGACAAACATTCTATGCAACAGGTGA,577,HXB2,K03455,11676
ATGGAGCAGTCACAAGCAGCAATGTAAATCACCCTAGTTGC,TTTAAAAGAAAAGGGGGGACTGGATGGGTTAATTTACTCCA,104,HIV-1,AF033819.3,11676
ATGGATGACTTGTATGTAGGATCTGATTTAGAAATAGGGCA,AGAAATTAGTGGGAAAACTAAATTGGGCAAGTCAAATTTAT,182,US.98,AY331295,11676
ATGGGGATACTTGGGAAGGAGTTGAAGCTATAATAAGAATT,GAACAAGGGCTTAGGCATCTCCTATGGCAGGAAGAAGCGGA,201,HXB2,K03455,11676
ATGGGGATACTTGGGAAGGAGTTGAAGCTATAATAAGAATT,TTCATTTCAGAATTGGGTGCCAACATAGCAGAATAGGCATT,19,HIV-1,AF033819.3,11676
ATGTTCTCAGCATTATCAGAAGGAGCCACCCCACAAGATTT,TAAAAGATACCATCAATGAGGAAGCTGCAGAATGGGACAGG,50,US.98,AY331295,11676
ATTTTTAGATGGGATAGATAAGGCTCAAGAAGAACATGAAA,AGAGCAATGGCTCATGACTTTAATCTGCCACCTATAGTAGC,17,HXB2,K03455,11676
CAAAATTACCCTATAGTGCAAAATGCACAAGGGCAAATGAT,TAGGACTTTGAATGCATGGGTGAAAGTAATAGAAGAAAAGG,18,HIV-1,AF033819.3,11676
CAACAGCAAAGCAATTTGCTGAAGGCTATAGAGGCTCAACA,GTCTGGGGCATTAAACAGCTCCAGGCAAGAGTCCTGGCTCT,19,US.98,AY331295,11676
CAACAGCAAAGCAATTTGCTGAAGGCTATAGAGGCTCAACA,TATTGGCATTAGACAAATGGGCAAATTTGTGGAATTGGTTT,290,HXB2,K03455,11676
CAACAGCAAAGCAATTTGCTGAGGGCTATAGAGGCTCAACA,GGCATTAAACAGCTCCAGGCAAGAGTCCTGGCTGTGGAAAG,25,HIV-1,AF033819.3,11676
CAAGGAGAAGAGTGGTGGAGAGAGAAAAAAGAGCAGTTGGA,CAACAGCAAAGCAATTTGCTGAAGGCTATAGAGGCTCAACA,105,US.98,AY331295,11676
CAAGGAGAAGAGTGGTGGAGAGAGAAAAAAGAGCAGTTGGA,TTCTTAGGAGCAGCAGGAAGCACTATGGGCGCGGCGTCAAT,21,HXB2,K03455,11676
CAATGGACATACCAAATTTATCAAGAGCCATTTAAAAATCT,GCAAGAAAAAGGTCTGCTCACACTAATGATGTAAAACAATT,16,HIV-1,AF033819.3,11676
CAGAACCAGCAGGAAAAGAATGAACAAGACTTATTGGCATT,AATAGGATTAAGAATAGTTTTTGCTGTGCTTTCTATAATAA,87,US.98,AY331295,11676
CAGGAATATGGCAACTAGATTGCACACATCTAGAAGGAAAA,GTAGCCAGTGGCTATATAGAAGCAGAAGTCATCCCAGCAGA,21,HXB2,K03455,11676
CATCCAGCGGGCCTAAAAAAGAAAAAATCAGTAACAGTACT,TGCATTCACCATACCTAGTACAAACAATGAGACACCAGGAA,57,HIV-1,AF033819.3,11676
CATTCACAATTTTAAAAGAAAAGGGGGGATTGGGGGGTACA,GGAAAGAATAATAGACATAATAGCAACAGACATACAAACTA,7,US.98,AY331295,11676
CATTGACAGAAGAAAAAATAAAAGCATTAACAGAAATTTGT,AAAGACAGCACTAAATGGAGAAAATTAGTAGATTTCAGAGA,81,HXB2,K03455,11676
CATTGACAGAAGAAAAAATAAAAGCATTAACAGAAATTTGT,GAAAATCCATACAATACTCCAATATTTGCTATAAAGAAAAA,42,HIV-1,AF033819.3,11676
CATTTCAGAATTGGGTGCCAACATAGCAGAATAGGCATTAT,TAGGCATCTCCTATGGCAGGAAGAAGCGGAGACCCCGACGA,147,US.98,AY331295,11676
CATTTCAGAATTGGGTGCCAACATAGCAGAATAGGCATTAT,TATGGCAGGAAGAAGCGGAGACAGCGACGAGGACCTCCTCA,158,HXB2,K03455,11676
CCAATTCCTATACATTATTGTGCCCCAGCTGGTTTTGCGAT,AACAACAATACAAGAAAAAGTATACGCTTTGGACCAGGACA,223,HIV-1,AF033819.3,11676
CCAATTCCTATACATTATTGTGCCCCAGCTGGTTTTGCGAT,GATATGAGGGACAATTGGAGAAGTGAATTATATAAGTATAA,730,US.98,AY331295,11676
CCACCAGGCCAGATGAGAGAACCAAGGGGAAGTGACATAGC,CTTCAGGAACAAATAGGATGGATGACCAGCAACCCACCTAT,16,HXB2,K03455,11676
CCAGGAAAATGGAAACCAAGAATGATAGGGGGAATTGGAGG,GTATTAGTAGGACCTACACCTGTCAACATAATTGGAAGAAA,67,HIV-1,AF033819.3,11676
CCCAGATTGGTTGTACTTTAAATTTCCCAATTAGTCCTATT,CATTGACAGAAGAAAAAATAAAAGCATTAACAGAAATTTGT,58,US.98,AY331295,11676
CGACAGGCCCGGAAGAATCGAAGAAGAAGGTGGAGAGCAAG,GGACACAGCAGTCTCAAGGGGTTGAGACTGGGGTGGGAAGG,134,HXB2,K03455,11676
CGATTAGTGAGCGGATTCTTAGCACTTGCCTGGGACGACCT,CTGGGACACAGCAGTCTCAAGGGACTGAGACTGGGGTGGGA,73,HIV-1,AF033819.3,11676
CGGCGTCAATAACGCTGACGGTACAGGCCAGACAATTATTG,CAACAGCAAAGCAATTTGCTGAAGGCTATAGAGGCTCAACA,12,US.98,AY331295,11676
CTACGGAGCCTGTGCCTCTTCAGCTACCACCGCTTGAGAGA,ATCTCAGCCACTTTTTAAAAGAAAAGGGGGGACTGGATGGG,561,HXB2,K03455,11676
CTACGGAGCCTGTGCCTCTTCAGCTACCACCGCTTGAGAGA,GGACACAGCAGTCTCAAGGGGTTGAGACTGGGGTGGGAAGG,37,HIV-1,AF033819.3,11676
CTGAGGAAGCAGAATTAGAATTGGCAGAGAACAGGGAGATT,GCAAGAAAAAGGTCTGCTCACACTAATGATGTAAAACAATT,135,US.98,AY331295,11676
CTGGGACACAGCAGTCTCAAGGGACTGAGACTGGGGTGGGA,AGCAATAGCAGTAGCTGGCTGGACAGATAGGGTTATAGAAA,81,HXB2,K03455,11676
CTGGGACACAGCAGTCTCAAGGGACTGAGACTGGGGTGGGA,TTTTAAAAGAAAAGGGGGGACTGGATGGGTTAATTTACTCC,459,HIV-1,AF033819.3,11676
CTTATAGAAATTTGTGGAAAAAAGGCTATAGGTACAGTATT,CCCAGATTGGTTGTACTTTAAATTTCCCAATTAGTCCTATT,44,US.98,AY331295,11676
CTTCAGGAACAAATAGGATGGATGACCAGCAACCCACCTAT,AATAGTAAGAATGTATAGCCCTGTCAGCATTTTGGACATAA,48,HXB2,K03455,11676
CTTTGAGCCAATTCCTATACATTATTGTGCCCCAGCTGGTT,AACAACAATACAAGAAAAAGTATACGCTTTGGACCAGGACA,230,HIV-1,AF033819.3,11676
GAAAATCCATACAATACTCCAATATTTGCTATAAAGAAAAA,TCAGTAACAGTACTAGATGTGGGGGACGCATATTTTTCAGT,115,US.98,AY331295,11676
GAAACTTTCTATGTAGATGGGGCAGCTAATAGAGAGACTAA,ATTTTTAGATGGGATAGATAAGGCTCAAGAAGAACATGAAA,327,HXB2,K03455,11676
GAACAAGGGCTTAGGCATCTCCTATGGCAGGAAGAAGCGGA,AATATAAGAAATTGCTAAAGCAAAGAAAAATAGACAGGTTA,169,HIV-1,AF033819.3,11676
GAAGCTCTATTAGATACAGGAGCAGATGATACAGTATTAGA,ACAGTATTAGTAGGACCTACACCTGTCAACATAATTGGAAG,118,US.98,AY331295,11676
GAAGCTCTATTAGATACAGGAGCAGATGATACAGTATTAGA,CTTATAGAAATTTGTGGAAAAAAGGCTATAGGTACAGTATT,85,HXB2,K03455,11676
GAATTAGAATTGGCAGAGAACAGGGAGATTCTAAAAGAACC,GAGCCATTTAAAAATCTAAAAACAGGAAAATATGCAAGAAA,91,HIV-1,AF033819.3,11676
GAATTAGAATTGGCAGAGAACAGGGAGATTCTAAAAGAACC,GTATATTATGACCCATCAAAAGACTTAATAGCAGAAATACA,10,US.98,AY331295,11676
GACAAAGTCTACCTGTCATGGGTACCAGCACACAAAGGAAT,AGCAATTGGAGAGCAATGGCTAGTGATTTTAATCTGCCACC,103,HXB2,K03455,11676
GACCCCATAGTAGGAGCAGAGACTTTCTATGTAGATGGGGC,AGGTTGTTTCCCTAACTGAGACAACAAATCAAAAGACTGAA,59,HIV-1,AF033819.3,11676
GACTATTGGCAGGCTACCTGGATTCCTGAATGGGAGTTTGT,GACCCCATAGTAGGAGCAGAGACTTTCTATGTAGATGGGGC,43,US.98,AY331295,11676
GAGACACCAGGAATCAGGTATCAGTACAATGTGCTTCCACA,TCACCAGCAATATTCCAGAGTAGCATGACAAAAATCCTAGA,13,HXB2,K03455,11676
GAGCCATTTAAAAATCTAAAAACAGGAAAATATGCAAGAAA,TGGAAAGCATAGTAATATGGGGAAAGACTCCTAAATTTAAA,59,HIV-1,AF033819.3,11676
GAGGCTAGAAGGAGAGAGATGGGTGCGAGAGCGTCAGTATT,AGAAAATTCGGTTAAGGCCAGGGGGAAAGAAAAAATATAGA,26,US.98,AY331295,11676
GAGGTAAAAGACACCAAGGAAGCTCTAGATAAAATAGAGGA,CAAAATTACCCTATAGTGCAAAATGCACAAGGGCAAATGAT,70,HXB2,K03455,11676
GAGGTAAAAGACACCAAGGAAGCTCTAGATAAAATAGAGGA,CCACCAGGCCAGATGAGAGAACCAAGGGGAAGTGACATAGC,370,HIV-1,AF033819.3,11676
GAGTAGGAGCAGTATCTCAAGATTTAGATAAACATGGAGCA,TCAGCCACTTTTTAAAAGAAAAGGGGGGACTGGATGGGTTA,127,US.98,AY331295,11676
GAGTTTAACATGTGGAAAAATAACATGGTAGAGCAGATGCA,GTACGTATAGGACCAGGACAAACATTCTATGCAACAGGTGA,631,HXB2,K03455,11676
GATATGAGCTTCATCCTGACAAATGGACAGTCCAGCCTATA,AGAAATTAGTGGGAAAACTAAATTGGGCAAGTCAAATTTAT,40,HIV-1,AF033819.3,11676
GATATGAGCTTCATCCTGACAAATGGACAGTCCAGCCTATA,TAGGAAAGTTAAATTGGGCAAGTCAGATTTATGCAGGGATT,49,US.98,AY331295,11676
GATATGAGGGACAATTGGAGAAGTGAATTATATAAGTATAA,CAAGGAGAAGAGTGGTGGAGAGAGAAAAAAGAGCAGTTGGA,41,HXB2,K03455,11676
GCAAGAAAAAGGTCTGCTCACACTAATGATGTAAAACAATT,GACTATTGGCAGGCTACCTGGATTCCTGAATGGGAGTTTGT,106,HIV-1,AF033819.3,11676
GCAAGAAAAAGGTCTGCTCACACTAATGATGTAAAACAATT,TGGAAAGCATAGTAATATGGGGAAAGACTCCTAAATTTAAA,26,US.98,AY331295,11676
GCACTGAGAGACAGGCTAATTTTTTAGGGAAAATCTGGCCT,TTAGTAGGACCTACACCTGTCAACATAATTGGAAGAAATAT,371,HXB2,K03455,11676
GCACTGAGAGACAGGCTAATTTTTTAGGGAAAATCTGGCCT,TTCCCTCAAATCACTCTTTGGCAACGACCTCTTGTCACAGT,146,HIV-1,AF033819.3,11676
GCATGTCAGGGAGTGGGAGGACCCGGCCATAAAGCAAGGGT,AGAATTAAGTGTTTCAACTGTGGCAAGGAAGGACACCTAGC,73,US.98,AY331295,11676
GCATGTCAGGGAGTGGGAGGACCCGGCCATAAAGCAAGGGT,GGACACCTAGCCAGAAATTGCAGGGCCCCTAGGAAAAAGGG,109,HXB2,K03455,11676
GCTACCTGGATTCCTGAGTGGGAGTTTGTCAATACCCCTCC,ACTAAGCTAGGAAAAGCAGGGTATGTCACTGACAGAGGAAG,85,HIV-1,AF033819.3,11676
GCTACCTGGATTCCTGAGTGGGAGTTTGTCAATACCCCTCC,GAAACTTTCTATGTAGATGGGGCAGCTAATAGAGAGACTAA,49,US.98,AY331295,11676
GCTACTTCCCTGATTGGCAGAATTACACACCAGGGCCAGGG,TAACATTTGGATGGTGCTTCAAGCTAGTACCAGTTGATCCA,13,HXB2,K03455,11676
GCTGTTAGACATTTTCCTAGGCCATGGCTCCATGGATTAGG,ATGGGGATACTTGGGAAGGAGTTGAAGCTATAATAAGAATT,20,HIV-1,AF033819.3,11676
GCTGTTAGACATTTTCCTAGGCCATGGCTCCATGGATTAGG,CATTTCAGAATTGGGTGCCAACATAGCAGAATAGGCATTAT,82,US.98,AY331295,11676
GGAAAGAATAATAGACATAATAGCAACAGACATACAAACTA,AAAATTCAAAATTTTCGGGTTTATTACAGGGACAGCAGAGA,23,HXB2,K03455,11676
GGAAAGAATAATAGACATAATAGCAACAGACATACAAACTA,AAAGGACCAGCAAAACTACTCTGGAAAGGTGAAGGGGCAGT,74,HIV-1,AF033819.3,11676
GGAACCCACTGCTTAAGCCTCAATAAAGCTTGCCTTGAGTG,GTAAAAATCTCTAGCAGTGGCGCCCGAACAGGGACTTGAAA,71,US.98,AY331295,11676
GGACAATTGGAGAAGTGAATTATATAAGTATAAAGTAGTAA,ACTATGGGCGCGGCGTCAATAACGCTGACGGTACAGGCCAG,116,HXB2,K03455,11676
GGACACAGCAGTCTCAAGGGGTTGAGACTGGGGTGGGAAGG,AGCAATAGCAGTAGCTGGCTGGACAGATAGGGTTATAGAAA,78,HIV-1,AF033819.3,11676
GGACACAGCAGTCTCAAGGGGTTGAGACTGGGGTGGGAAGG,GAGTAGGAGCAGTATCTCAAGATTTAGATAAACATGGAGCA,288,US.98,AY331295,11676
GGACACCTAGCCAGAAATTGCAGGGCCCCTAGGAAAAAGGG,GCACTGAGAGACAGGCTAATTTTTTAGGGAAAATCTGGCCT,41,HXB2,K03455,11676
GGAGCAGAGACTTTCTATGTAGATGGGGCAGCCAATAGGGA,ATAGTAACAGACTCACAGTATGCATTAGGAATCATTCAGGC,136,HIV-1,AF033819.3,11676
GGAGTGGCTAACCCTCAGATGCTGCATATAAGCAGCTGCTT,GTAAAAATCTCTAGCAGTGGCGCCCGAACAGGGACTTGAAA,175,US.98,AY331295,11676
GGATAGATGGAACAAGCCCCAGAAGACCAGGGGCCACAGAG,GCTGTTAGACATTTTCCTAGGCCATGGCTCCATGGATTAGG,52,HXB2,K03455,11676
GGATTAGAACATGGAACAGTCTAGTAAAACATCATATGTAT,AGACTGGCACTTGGGTCATGGGGTCTCCATAGAATGGAGGC,140,HIV-1,AF033819.3,11676
GGATTAGAACATGGAACAGTCTAGTAAAACATCATATGTAT,TCCATAGAATGGAGGCTAAAAAGATATAGCACACAAATAGA,165,US.98,AY331295,11676
GGATTAGAACATGGAACAGTTTAGTAAAACATCATATGTAT,AATGGAGGCTAAAAAGATATAGCACACAAATAGATCCTGAC,172,HXB2,K03455,11676
GGATTAGAACATGGAACAGTTTAGTAAAACATCATATGTAT,ATAGTAAGAACATATTGGGGTCTGCACCCAGGAGAAAAAGA,102,HIV-1,AF033819.3,11676
GGCATTAAACAGCTCCAGGCAAGAGTCCTGGCTGTGGAAAG,AGCTCCTAGGAATTTGGGGCTGCTCTGGAAAACTCATCTGC,17,US.98,AY331295,11676
GGCATTAAACAGCTCCAGGCAAGAGTCCTGGCTGTGGAAAG,AGGAATTTGGGGCTGCTCTGGAAAACTCATCTGCACCACTA,24,HXB2,K03455,11676
GGCTATATAGAAGCAGAAGTTATCCCAGCAGAAACAGGACA,AAAGCAGCCTGTTGGTGGGCAAATATCCAACAGGAATTTGG,94,HIV-1,AF033819.3,11676
GGCTATATAGAAGCAGAAGTTATCCCAGCAGAAACAGGACA,TACAATCCCCAAAGTCAAGGAGTAGTGGAATCTATGAATAA,142,US.98,AY331295,11676
GGCTGTGGTATATAAAAATATTTATAATGATAGTAGGAGGC,CGACAGGCCCGGAAGAATCGAAGAAGAAGGTGGAGAGCAAG,107,HXB2,K03455,11676
GGGAAAATTTGGCCTTCCAGCAAGGGGAGGCCAGGAAATTT,CCAGGAAAATGGAAACCAAGAATGATAGGGGGAATTGGAGG,234,HIV-1,AF033819.3,11676
GGGAAAATTTGGCCTTCCAGCAAGGGGAGGCCAGGAAATTT,GAAGCTCTATTAGATACAGGAGCAGATGATACAGTATTAGA,180,US.98,AY331295,11676
GGGATGGAAAGGATCACCAGCAATATTCCAGAGTAGCATGA,TACATGGATGACTTGTATGTAGGATCTGATTTAGAAATAGG,53,HXB2,K03455,11676
GGGGGTACAGTGCAGGGGAAAGAATAATAGACATAATAGCA,AAAGGACCAGCAAAACTACTCTGGAAAGGTGAAGGGGCAGT,90,HIV-1,AF033819.3,11676
GTAAAAAATTGGATGACAGACACCTTGCTGGTCCAAAATGC,GCATGTCAGGGAGTGGGAGGACCCGGCCATAAAGCAAGGGT,67,US.98,AY331295,11676
GTAAAAATCTCTAGCAGTGGCGCCCGAACAGGGACTTGAAA,AGAAAATTCGGTTAAGGCCAGGGGGAAAGAAAAAATATAGA,199,HXB2,K03455,11676
GTAAAAATCTCTAGCAGTGGCGCCCGAACAGGGACTTGAAA,AGAGCGTCAGTATTAAGTGGGGGAAAATTAGATGCATGGGA,157,HIV-1,AF033819.3,11676
GTACGTATAGGACCAGGACAAACATTCTATGCAACAGGTGA,AATCAAACATTACAGGACTAATATTAACAAGAGATGGTGGG,353,US.98,AY331295,11676
GTACGTATAGGACCAGGACAAACATTCTATGCAACAGGTGA,ACAACACATAGTTTTAATTGTGGAGGAGAATTTTTCTATTG,148,HXB2,K03455,11676
GTAGCCAGTGGCTATATAGAAGCAGAAGTCATCCCAGCAGA,AAGTAATACATACAGACAATGGGCCCAATTTCACCAGTGCA,56,HIV-1,AF033819.3,11676
GTAGTAAGAACATATTGGGGTCTGCAGACAGGAGAAAAAGA,AATGGAGGCTAAAAAGATATAGCACACAAATAGATCCTGAC,29,US.98,AY331295,11676
GTATATTATGACCCATCAAAAGACTTAATAGCAGAAATACA,AGAACCATTTAAAAATCTAAAAACAGGGAAATATGCAAAAA,39,HXB2,K03455,11676
GTATATTATGACCCATCAAAAGACTTAATAGCAGAAATACA,CAATGGACATACCAAATTTATCAAGAGCCATTTAAAAATCT,16,HIV-1,AF033819.3,11676
GTATTAGTAGGACCTACACCTGTCAACATAATTGGAAGAAA,TAAAGCCAGGAATGGATGGGCCAAAGGTTAAACAATGGCCA,68,US.98,AY331295,11676
GTCTGGGGCATTAAACAGCTCCAGGCAAGAGTCCTGGCTCT,AGCTCCTAGGAATTTGGGGCTGCTCTGGAAAACTCATCTGC,23,HXB2,K03455,11676
GTCTGGGGCATTAAACAGCTCCAGGCAAGAGTCCTGGCTCT,AGGAATTTGGGGCTGCTCTGGAAAACTCATCTGCACCACTA,30,HIV-1,AF033819.3,11676
GTGGAATCTATGAATAAAGAATTAAAGAAAATCATAGGGCA,AGACATAATAGCAACAGATATACAAACTAAAGAATTACAAA,111,US.98,AY331295,11676
TAAAAGATACCATCAATGAGGAAGCTGCAGAATGGGACAGG,TTAAATAAAATAGTAAGAATGTATAGCCCTGTTAGCATTTT,165,HXB2,K03455,11676
TAAAGCCAGGAATGGATGGGCCAAAGGTTAAACAATGGCCA,ATATTTGCTATAAAGAAAAAAGACAGCACTAAATGGAGAAA,102,HIV-1,AF033819.3,11676
TAACATTTGGATGGTGCTTCAAGCTAGTACCAGTTGATCCA,AGTTGCTGACAGGGACTTTCCACGGGGACTTTCCGGGGAGG,192,US.98,AY331295,11676
TAATCCTGGGATTAAATAAAATAGTAAGAATGTATAGCCCT,TAGAAGAAATGATGACAGCATGCCAGGGAGTGGGAGGACCC,190,HXB2,K03455,11676
TACAATCCCCAAAGTCAAGGAGTAGTGGAATCTATGAATAA,GGAAAGAATAATAGACATAATAGCAACAGACATACAAACTA,123,HIV-1,AF033819.3,11676
TACATGGATGACTTGTATGTAGGATCTGATTTAGAAATAGG,GATATGAGCTTCATCCTGACAAATGGACAGTCCAGCCTATA,104,US.98,AY331295,11676
TACCCACTAACATTTGGATGGTGCTTCAAGCTAGTACCAGT,GGAGTGGCTAACCCTCAGATGCTGCATATAAGCAGCTGCTT,247,HXB2,K03455,11676
TAGAAGAAATGATGACAGCATGCCAGGGAGTGGGAGGACCC,AATTGCAGGGCCCCTAGGAAAAAGGGCTGTTGGAAATGTGG,138,HIV-1,AF033819.3,11676
TAGAAGAAATGATGACAGCATGCCAGGGAGTGGGAGGACCC,GCACTGAGAGACAGGCTAATTTTTTAGGGAAAATCTGGCCT,202,US.98,AY331295,11676
TAGAAGAAATGATGACAGCATGTCAGGGAGTGGGAGGACCC,AATTGCAGGGCCCCTAGGAAAAAGGGCTGTTGGAAATGTGG,135,HXB2,K03455,11676
TAGATGGAACAAGCCCCAGAAGACCAGGGGCCACAGAGGGA,ATGGGGATACTTGGGAAGGAGTTGAAGCTATAATAAGAATT,110,HIV-1,AF033819.3,11676
TAGATGGAACAAGCCCCAGAAGACCAGGGGCCACAGAGGGA,TAGGCATCTCCTATGGCAGGAAGAAGCGGAGACCCCGACGA,360,US.98,AY331295,11676
TAGGAAAGTTAAATTGGGCAAGTCAGATTTATGCAGGGATT,AAGCAGAATTAGAATTGGAAGAGAACAGGGAGATTCTAAAA,70,HXB2,K03455,11676
TAGGACCTACACCTGTCAACATAATTGGAAGAAATATGTTG,AATTTTCCAATTAGTCCTATTGAAACTGTACCAGTAAAATT,21,HIV-1,AF033819.3,11676
TAGGACTTTGAATGCATGGGTGAAAGTAATAGAAGAAAAGG,ATGTTCTCAGCATTATCAGAAGGAGCCACCCCACAAGATTT,23,US.98,AY331295,11676
TAGGACTTTGAATGCATGGGTGAAAGTAATAGAAGAAAAGG,TCTCAGCATTATCAGAAGGAGCCACCCCACAAGATTTAAAT,27,HXB2,K03455,11676
TAGGCATCTCCTATGGCAGGAAGAAGCGGAGACCCCGACGA,CCAATTCCTATACATTATTGTGCCCCAGCTGGTTTTGCGAT,854,HIV-1,AF033819.3,11676
TAGGCATCTCCTATGGCAGGAAGAAGCGGAGACCCCGACGA,CTTTGAGCCAATTCCTATACATTATTGTGCCCCAGCTGGTT,841,US.98,AY331295,11676
TATAAAGTAGTAAAAATTGAACCACTAGGAATAGCACCCAC,CGGCGTCAATAACGCTGACGGTACAGGCCAGACAATTATTG,98,HXB2,K03455,11676
TATGGCAGGAAGAAGCGGAGACAGCGACGAGGACCTCCTCA,AATATAAGAAATTGCTAAAGCAAAGAAAAATAGACAGGTTA,147,HIV-1,AF033819.3,11676
TATGGCAGGAAGAAGCGGAGACAGCGACGAGGACCTCCTCA,ATGCATACAGATATAATCAGTCTATGGGACCAAAGCCTAAA,531,US.98,AY331295,11676
TATGGGCAAGCAGGGAGCTGGAAAGATTTGCACTTAACCCT,AATACAGTAGCAACCCTCTATTGCGTACATCAACGGATAGA,93,HXB2,K03455,11676
TATGGGCAAGCAGGGAGCTGGAAAGATTTGCACTTAACCCT,GAGGTAAAAGACACCAAGGAAGCTCTAGATAAAATAGAGGA,132,HIV-1,AF033819.3,11676
TATTGGCATTAGACAAATGGGCAAATTTGTGGAATTGGTTT,AAAAATATTTATAATGATAGTAGGAGGCTTGATAGGATTAA,26,US.98,AY331295,11676
TCACCAGCAATATTCCAGAGTAGCATGACAAAAATCCTAGA,ATACATGGATGACTTGTATGTAGGATCTGATTTAGAAATAG,39,HXB2,K03455,11676
TCACCAGCAATATTCCAGAGTAGCATGACAAAAATCCTAGA,ATGGATGACTTGTATGTAGGATCTGATTTAGAAATAGGGCA,43,HIV-1,AF033819.3,11676
TCACCAGCGCTGCAGTTAAAGCAGCCTGTTGGTGGGCAAAT,GGGGGTACAGTGCAGGGGAAAGAATAATAGACATAATAGCA,172,US.98,AY331295,11676
TCAGCCACTTTTTAAAAGAAAAGGGGGGACTGGATGGGTTA,TGCATATAAGCAGCTGCTTTTCGCCTGTACTGGGTCTCTCT,412,HXB2,K03455,11676
TCAGTAACAGTACTAGATGTGGGGGACGCATATTTTTCAGT,GAGACACCAGGAATCAGGTATCAGTACAATGTGCTTCCACA,58,HIV-1,AF033819.3,11676
TCAGTAACAGTACTAGATGTGGGGGACGCATATTTTTCAGT,TGCTTCCACAGGGATGGAAAGGATCACCGGCAATATTCCAG,89,US.98,AY331295,11676
TCCATAGAATGGAGGCTAAAAAGATATAGCACACAAATAGA,AACTGTTTTTCAGACTCTGCCATAAGGAAAGCCATATTAGG,40,HXB2,K03455,11676
TCCCACTAACATTTGGATGGTGCTTCAAGCTAGTACCAGTT,AGTTGCTGACAGGGACTTTCCACGGGGACTTTCCGGGGAGG,198,HIV-1,AF033819.3,11676
TCTAGTAAAATTATGGTACCAGTTAGAGAAAGACCCCATAG,ACTAAGCTAGGAAAAGCAGGGTATGTCACTGACAGAGGAAG,44,US.98,AY331295,11676
TCTCAGCATTATCAGAAGGAGCCACCCCACAAGATTTAAAT,ATAGTGGGGGGACACCAGGCAGCTATGCAAATGTTAAAAGA,12,HXB2,K03455,11676
TCTCAGCATTATCAGAAGGAGCCACCCCACAAGATTTAAAT,ATGCAAATGTTAAAAGATACCATCAATGAGGAAGCTGCAGA,36,HIV-1,AF033819.3,11676
TCTGTATTATTTTGACTGTTTTTCAGAATCTGCCATAAGGA,AGGACAAAGCCACCTTTGCCTAGTGTTAGGAAATTAGTAGA,107,US.98,AY331295,11676
TGAGGATTAGAACATGGAACAGTTTAGTAAAACATCATATG,GTAGTAAGAACATATTGGGGTCTGCAGACAGGAGAAAAAGA,105,HXB2,K03455,11676
TGATATAAAAGTAGTACCAAGAAGAAAAGTAAAGATCATTA,GGATTAGAACATGGAACAGTCTAGTAAAACATCATATGTAT,55,HIV-1,AF033819.3,11676
TGCATATAAGCAGCTGCTTTTCGCCTGTACTGGGTCTCTCT,GGAACCCACTGCTTAAGCCTCAATAAAGCTTGCCTTGAGTG,41,US.98,AY331295,11676
TGCATTCACCATACCTAGTACAAACAATGAGACACCAGGAA,TGCTTCCACAGGGATGGAAAGGATCACCGGCAATATTCCAG,18,HXB2,K03455,11676
TGCTTCCACAGGGATGGAAAGGATCACCGGCAATATTCCAG,ACTTGTATGTAGGATCTGATTTAGAAATAGGGCAGCATAGA,73,HIV-1,AF033819.3,11676
TGGAAAGCATAGTAATATGGGGAAAGACTCCTAAATTTAAA,GGAGCAGAGACTTTCTATGTAGATGGGGCAGCCAATAGGGA,135,US.98,AY331295,11676
TGGAAAGCATAGTAATATGGGGAAAGACTCCTAAATTTAAA,TCTAGTAAAATTATGGTACCAGTTAGAGAAAGACCCCATAG,92,HXB2,K03455,11676
TGTCAGCTAAAAGGGGAAGCCATGCATGGACAAGTAGACTG,TCACCAGCGCTGCAGTTAAAGCAGCCTGTTGGTGGGCAAAT,194,HIV-1,AF033819.3,11676
TTAAAACTCTCAGAGCTGAGCAAGCTACACAGGAGGTAAAA,TAGAAGAAATGATGACAGCATGCCAGGGAGTGGGAGGACCC,85,US.98,AY331295,11676
TTAAATAAAATAGTAAGAATGTATAGCCCTGTTAGCATTTT,TAGAAGAAATGATGACAGCATGTCAGGGAGTGGGAGGACCC,179,HXB2,K03455,11676
TTAAATAAAATAGTAAGAATGTATAGCCCTGTTAGCATTTT,TTAAAACTCTCAGAGCTGAGCAAGCTACACAGGAGGTAAAA,53,HIV-1,AF033819.3,11676
TTAGTAGGACCTACACCTGTCAACATAATTGGAAGAAATAT,AATTTTCCAATTAGTCCTATTGAAACTGTACCAGTAAAATT,25,US.98,AY331295,11676
TTCATTTCAGAATTGGGTGCCAACATAGCAGAATAGGCATT,TATGGCAGGAAGAAGCGGAGACAGCGACGAGGACCTCCTCA,160,HXB2,K03455,11676
TTCCCTCAAATCACTCTTTGGCAACGACCTCTTGTCACAGT,GAAGCTCTATTAGATACAGGAGCAGATGATACAGTATTAGA,22,HIV-1,AF033819.3,11676
TTCCCTCAAATCACTCTTTGGCAACGACCTCTTGTCACAGT,TAGGACCTACACCTGTCAACATAATTGGAAGAAATATGTTG,191,US.98,AY331295,11676
TTCCCTGATTGGCAGAATTACACACCAGGGCCAGGGATCAG,TACCCACTAACATTTGGATGGTGCTTCAAGCTAGTACCAGT,1,HXB2,K03455,11676
TTCTTAGGAGCAGCAGGAAGCACTATGGGCGCGGCGTCAAT,AGCAAAGCAATTTGCTGAGGGCTATAGAGGCTCAACAACAT,47,HIV-1,AF033819.3,11676
TTTAAAAGAAAAGGGGGGACTGGATGGGTTAATTTACTCCA,TTCCCTGATTGGCAGAATTACACACCAGGGCCAGGGATCAG,50,US.98,AY331295,11676
TTTACTACACCAGACAAAAAGCATCAGAAAGAACCTCCATT,GATATGAGCTTCATCCTGACAAATGGACAGTCCAGCCTATA,11,HXB2,K03455,11676
TTTACTACACCAGACAAAAAGCATCAGAAAGAACCTCCATT,TAGGAAAGTTAAATTGGGCAAGTCAGATTTATGCAGGGATT,101,HIV-1,AF033819.3,11676
TTTTAAAAGAAAAGGGGGGACTGGATGGGTTAATTTACTCC,TCCCACTAACATTTGGATGGTGCTTCAAGCTAGTACCAGTT,94,US.98,AY331295,11676
