AAAAACAGGAAAATATGCCAGAA	01_AE,15_01B,33_01B
AAAAAGGACAGCACCAAATGGAG	01_AE,15_01B,CPZ
AAAAATCTTAGAGCCCTTTAGAA	01_AE,02_AG,04_cpx,05_DF,06_cpx,09_cpx,14_BG,15_01B,16_A2D,18_cpx,21_A2D,33_01B,34_01B,36_cpx,A2,B,D,F1,F2,G,H,K
AAAACTGGATGACAGAAACCTTG	01_AE,02_AG,05_DF,15_01B,25_cpx,34_01B,F2
AAAAGCAGGGTATGTCACTGACA	01_AE,02_AG,11_cpx,15_01B,25_cpx,27_cpx,33_01B,35_AD,44_BF,A1,A2,J
AAAAGGGGGGACTGGATGGGCTA	01_AE,04_cpx,05_DF,06_cpx,11_cpx,13_cpx,14_BG,15_01B,16_A2D,17_BF,20_BG,22_01A1,23_BG,24_BG,25_cpx,26_AU,27_cpx,32_06A1,33_01B,36_cpx,43_02G,A2,G,K
AAAAGGTGGATAATCCTGGGATT	01_AE,15_01B,22_01A1,26_AU,33_01B,34_01B,36_cpx
AAAATAGCCACAGAAAGCATAGT	01_AE,05_DF,15_01B,27_cpx,28_BF,33_01B,34_01B,40_BF,A2,B,C,D,F2
AAAATTGGGCCTGAAAATCCATA	01_AE,02_AG,03_AB,04_cpx,06_cpx,07_BC,09_cpx,11_cpx,12_BF,13_cpx,15_01B,16_A2D,17_BF,18_cpx,20_BG,22_01A1,23_BG,24_BG,28_BF,29_BF,31_BC,32_06A1,33_01B,34_01B,35_AD,36_cpx,38_BF1,39_BF,42_BF,43_02G,44_BF,45_cpx,46_BF,47_BF,49_cpx,A1,A2,B,C,F1,G,J,K,P
AAACTCATCTGCACCACTAATGT	02_AG,04_cpx,05_DF,09_cpx,11_cpx,12_BF,13_cpx,20_BG,23_BG,24_BG,25_cpx,28_BF,36_cpx,38_BF1,39_BF,40_BF,43_02G,44_BF,45_cpx,46_BF,A1,F1,F2,G,H,J,K
AAAGACACAGCAGGCAGCAGCTG	01_AE,02_AG,04_cpx,11_cpx,15_01B,26_AU,33_01B,34_01B,36_cpx,37_cpx,43_02G,45_cpx,A1
AAAGACCCCATAGTAGGAGCAGA	01_AE,02_AG,15_01B,34_01B,35_AD,42_BF,43_02G,49_cpx,A1
AAAGAGCAGTTGGACTGGGAGCT	02_AG,06_cpx,16_A2D,20_BG,22_01A1,23_BG,24_BG,25_cpx,26_AU,32_06A1,36_cpx,37_cpx,45_cpx,A2,G
AAAGGTAGTACCAAGAAGAAAAG	02_AG,04_cpx,05_DF,06_cpx,09_cpx,11_cpx,12_BF,14_BG,16_A2D,17_BF,18_cpx,21_A2D,25_cpx,26_AU,29_BF,32_06A1,40_BF,43_02G,44_BF,46_BF,A2,D,F2,G,J,K
AAAGTAATACACACAGACAACGG	01_AE,15_01B,33_01B,34_01B
AAAGTCATCCTGGTAGCAGTCCA	01_AE,15_01B,33_01B,34_01B,49_cpx
AAATAAGAAAACAGAAGAAAATA	02_AG,14_BG
AAATAGATCCTGACCTAGCAGAC	01_AE,02_AG,15_01B,20_BG,24_BG,33_01B,34_01B,36_cpx,45_cpx,G
AAATCACTCTTTGGCAACGACCC	01_AE,02_AG,05_DF,07_BC,09_cpx,10_CD,12_BF,15_01B,16_A2D,17_BF,19_cpx,21_A2D,22_01A1,26_AU,27_cpx,28_BF,29_BF,31_BC,33_01B,34_01B,35_AD,36_cpx,38_BF1,40_BF,43_02G,44_BF,45_cpx,46_BF,47_BF,A1,A2,B,CPZ,D,F1,F2,H,K
AAATTAGTAGATTTCAGAGAGCT	01_AE,04_cpx,09_cpx,15_01B,16_A2D,20_BG,25_cpx,26_AU,28_BF,34_01B,37_cpx,A1,F2,G
AAATTGTAATACCTCAGCCATTA	01_AE,02_AG,09_cpx,10_CD,19_cpx,21_A2D,22_01A1,25_cpx,26_AU,35_AD,36_cpx,45_cpx,A1,D
AACAAGTAGATAAATTAGTCAGT	01_AE,02_AG,05_DF,06_cpx,09_cpx,11_cpx,12_BF,14_BG,15_01B,18_cpx,19_cpx,20_BG,23_BG,24_BG,25_cpx,26_AU,28_BF,29_BF,32_06A1,33_01B,34_01B,36_cpx,38_BF1,40_BF,42_BF,44_BF,46_BF,47_BF,A1,B,D,F1,F2,G,J,K
AACAATGAATGGACATTAGAACT	01_AE
AACTAGAGATCCCTCAGACCACT	01_AE,02_AG,04_cpx,06_cpx,09_cpx,14_BG,19_cpx,20_BG,23_BG,24_BG,25_cpx,26_AU,43_02G,45_cpx,49_cpx,A1,G
AACTCCTCAGGGGAGCTAAAGCA	01_AE,15_01B,34_01B
AACTGTGGCAAAGAAGGACACCT	01_AE,02_AG,03_AB,09_cpx,11_cpx,15_01B,16_A2D,20_BG,22_01A1,23_BG,24_BG,26_AU,32_06A1,33_01B,35_AD,36_cpx,49_cpx,A1,K
AACTTAAATCATTATTTAATACA	01_AE,02_AG,06_cpx,19_cpx,21_A2D,28_BF,29_BF,33_01B,34_01B,36_cpx,37_cpx,40_BF,43_02G,A1,B,C,D
AAGAACAAATAGGATGGATGACA	01_AE,02_AG,03_AB,04_cpx,11_cpx,15_01B,18_cpx,22_01A1,32_06A1,33_01B,37_cpx,A1
AAGAACTTAAATCATTATTTAAT	01_AE,02_AG,06_cpx,19_cpx,21_A2D,28_BF,29_BF,33_01B,36_cpx,37_cpx,40_BF,43_02G,A1,B,D,H
AAGAAGCAGAAGGTCCATGCACT	01_AE
AAGAGATAATAATCAGATCTGAA	01_AE,33_01B,34_01B
AAGATCTAGATAAACATGGAGCA	01_AE,15_01B,22_01A1,33_01B,34_01B,A1
AAGCAATGTATGCCCCTCCCATC	02_AG,09_cpx,11_cpx,13_cpx,14_BG,19_cpx,20_BG,21_A2D,22_01A1,23_BG,24_BG,25_cpx,28_BF,29_BF,35_AD,36_cpx,37_cpx,43_02G,45_cpx,47_BF,A1,B,D,G,H
AAGCAGGCTTGTCCAAAGATATC	01_AE,34_01B
AAGCCAGGAATGGATGGCCCAAA	02_AG,03_AB,04_cpx,05_DF,06_cpx,07_BC,08_BC,09_cpx,10_CD,11_cpx,12_BF,13_cpx,16_A2D,17_BF,18_cpx,20_BG,21_A2D,23_BG,24_BG,25_cpx,27_cpx,28_BF,29_BF,31_BC,34_01B,35_AD,37_cpx,38_BF1,39_BF,40_BF,42_BF,43_02G,44_BF,45_cpx,47_BF,A2,B,C,D,F1,F2,G,H,J,K
AAGCTTTAGATAAAATAGAGGAA	01_AE,02_AG,03_AB,04_cpx,09_cpx,19_cpx,47_BF,49_cpx
AAGGAGGTGGCGAGCAAGGCAGA	01_AE,15_01B,25_cpx,34_01B,37_cpx
AAGGATCACCGGCAATATTCCAG	01_AE,15_01B,22_01A1,A1
AAGTAGCATAGTGGGATGGCCTC	01_AE,02_AG,03_AB,15_01B,34_01B
AAGTATAACTATAGGACCAGGAC	01_AE
AATAAAGCTTGCCTTGAGTGCTT	01_AE,02_AG,04_cpx,06_cpx,07_BC,12_BF,13_cpx,25_cpx,26_AU,27_cpx,32_06A1,33_01B,39_BF,40_BF,42_BF,43_02G,46_BF,A1,B,CPZ,D,F1,G,H,J
AATACCCCTCCTCTAGTAAAATT	01_AE,02_AG,04_cpx,09_cpx,14_BG,15_01B,22_01A1,27_cpx,35_AD,37_cpx,A1,F2,G,J
AATACTATTGACAAGAGATGGTG	01_AE,40_BF
AATCAAAAGACTGAATTACATGC	01_AE,02_AG,15_01B,22_01A1,25_cpx,26_AU,33_01B,34_01B,35_AD,36_cpx,37_cpx,43_02G,A2
AATCAAAAGACTGAGTTACATGC	01_AE,02_AG,09_cpx,49_cpx
AATCATTCAGGCACAACCAGACA	01_AE,02_AG,09_cpx,15_01B,22_01A1,26_AU,29_BF,33_01B,34_01B,35_AD,36_cpx,37_cpx,43_02G,A1
AATCGAAGAAGGAGGTGGCGAGC	01_AE,02_AG,15_01B,25_cpx,33_01B,34_01B,36_cpx,37_cpx
AATCTAAAAACAGGAAAATATGC	01_AE,02_AG,15_01B,22_01A1,31_BC,33_01B,36_cpx,43_02G,A1,B,G
AATGATGTAAAACAATTAACAGA	01_AE,02_AG,06_cpx,07_BC,10_CD,12_BF,14_BG,16_A2D,17_BF,19_cpx,21_A2D,22_01A1,25_cpx,26_AU,28_BF,29_BF,32_06A1,35_AD,38_BF1,40_BF,42_BF,45_cpx,46_BF,A2,B,D,F1,F2,G,J,K
AATGGCAGTCTAGCAGAAGAAGA	01_AE,02_AG,10_CD,14_BG,27_cpx,28_BF,29_BF,34_01B,A2,B,D
AATTAACAGAAGTGGTGCAAAAA	01_AE,15_01B,22_01A1,33_01B
AATTATATAAATATAAAGTAGTA	01_AE,10_CD,13_cpx,14_BG,15_01B,17_BF,18_cpx,21_A2D,22_01A1,24_BG,26_AU,27_cpx,28_BF,29_BF,33_01B,35_AD,38_BF1,39_BF,40_BF,42_BF,46_BF,47_BF,A2,B,D,F1,H,J
AATTGGAGAAGTGAATTATATAA	01_AE,02_AG,03_AB,06_cpx,07_BC,08_BC,09_cpx,10_CD,11_cpx,12_BF,13_cpx,14_BG,15_01B,16_A2D,17_BF,18_cpx,19_cpx,20_BG,21_A2D,22_01A1,23_BG,24_BG,25_cpx,26_AU,28_BF,29_BF,31_BC,32_06A1,33_01B,35_AD,36_cpx,37_cpx,38_BF1,39_BF,40_BF,42_BF,43_02G,45_cpx,47_BF,49_cpx,A1,A2,B,C,D,F1,F2,G,H,J
AATTTATGCAGGGATTAAGGTAA	01_AE,15_01B,33_01B,34_01B
AATTTCCCAATTAGTCCTATTGA	01_AE,02_AG,11_cpx,15_01B,21_A2D,35_AD,A1
AATTTTTCTATTGCAATACAACA	01_AE,04_cpx,09_cpx,19_cpx,25_cpx,27_cpx,A2
ACAAATAGGATGGATGACAAACA	01_AE,15_01B,33_01B
ACACATGGAATTAAGCCAGTGGT	01_AE,05_DF,06_cpx,08_BC,09_cpx,18_cpx,20_BG,21_A2D,22_01A1,23_BG,24_BG,26_AU,33_01B,34_01B,49_cpx,C,G,H,J
ACACCAGACAAAAAACATCAGAA	02_AG,03_AB,04_cpx,05_DF,12_BF,17_BF,18_cpx,19_cpx,23_BG,24_BG,28_BF,29_BF,33_01B,36_cpx,39_BF,42_BF,44_BF,47_BF,A2,B,D,F1,G,H,J
ACAGAAACCTTGCTAGTCCAAAA	01_AE,15_01B,18_cpx,22_01A1,34_01B,36_cpx,39_BF
ACAGAGGTAGTGCAAAAAGTGGC	02_AG
ACAGATAGAGTTATAGAAATAGG	02_AG
ACAGGAAAATATGCCAGAAAAAG	01_AE,15_01B,33_01B
ACAGGATCAGAAGAACTTAAATC	01_AE,02_AG,03_AB,06_cpx,09_cpx,15_01B,19_cpx,21_A2D,27_cpx,28_BF,29_BF,33_01B,36_cpx,37_cpx,38_BF1,40_BF,42_BF,43_02G,47_BF,B,D
ACAGGATGAGGATTAGAACATGG	01_AE,02_AG,03_AB,11_cpx,14_BG,15_01B,16_A2D,18_cpx,19_cpx,20_BG,21_A2D,23_BG,24_BG,26_AU,28_BF,33_01B,34_01B,35_AD,36_cpx,37_cpx,40_BF,42_BF,43_02G,45_cpx,49_cpx,A1,A2,B,C,D,F2,G
ACAGTCAACTCTCAAGACAGGAT	01_AE,15_01B,33_01B,34_01B
ACAGTGCCCTAGCACGAAAACAC	01_AE,15_01B,33_01B,34_01B
ACATGTGGAAAAATAACATGGTA	01_AE,02_AG,04_cpx,06_cpx,09_cpx,14_BG,19_cpx,20_BG,22_01A1,23_BG,24_BG,25_cpx,26_AU,27_cpx,28_BF,29_BF,36_cpx,37_cpx,40_BF,42_BF,43_02G,45_cpx,47_BF,A1,A2,F2,G,K
ACATTAAAGCCAGGAATGGATGG	01_AE,03_AB,15_01B,22_01A1,36_cpx,H
ACCATACCTAGTATAAACAATGA	01_AE,07_BC,10_CD,15_01B,17_BF,19_cpx,21_A2D,22_01A1,26_AU,28_BF,29_BF,31_BC,33_01B,34_01B,A2,B,C,H,N
ACCTTCAGACCTGGAGGAGGAAA	01_AE,14_BG,26_AU,27_cpx,33_01B,47_BF
ACGGTACAGGCCAGACAATTATT	01_AE,02_AG,03_AB,04_cpx,05_DF,09_cpx,11_cpx,12_BF,13_cpx,16_A2D,17_BF,18_cpx,19_cpx,21_A2D,22_01A1,26_AU,29_BF,31_BC,33_01B,34_01B,35_AD,37_cpx,38_BF1,39_BF,40_BF,42_BF,44_BF,45_cpx,46_BF,A1,A2,B,C,D,F1,F2,H,K
ACTAGTACCCTTCAAGAACAAAT	01_AE,02_AG,04_cpx,09_cpx,11_cpx,15_01B,18_cpx,22_01A1,32_06A1,33_01B,36_cpx,37_cpx,46_BF,49_cpx
ACTCTTTGGCAACGACCCTTAGT	02_AG,29_BF,36_cpx,38_BF1,43_02G,46_BF,F1,F2
AGAAAAAATATAGACTAAAACAT	02_AG,05_DF,10_CD,12_BF,16_A2D,26_AU,35_AD,39_BF,A1,D,F1
AGAAAAGACAAGAGATCCTTGAT	01_AE,02_AG,04_cpx,06_cpx,07_BC,11_cpx,12_BF,15_01B,18_cpx,19_cpx,22_01A1,25_cpx,28_BF,32_06A1,46_BF,F1,F2,H,J
AGAAAATTAGTAGATTTCAGAGA	01_AE,02_AG,04_cpx,05_DF,06_cpx,09_cpx,10_CD,16_A2D,18_cpx,19_cpx,20_BG,21_A2D,22_01A1,25_cpx,26_AU,28_BF,29_BF,32_06A1,36_cpx,37_cpx,38_BF1,39_BF,40_BF,45_cpx,46_BF,49_cpx,A1,A2,B,C,D,F2,G
AGAAATGGTTATCTATCAATACA	01_AE,10_CD,15_01B,21_A2D,38_BF1,D
AGAACATGGAACAGTTTAGTAAA	01_AE,02_AG,03_AB,14_BG,15_01B,16_A2D,18_cpx,21_A2D,22_01A1,23_BG,24_BG,28_BF,33_01B,37_cpx,42_BF,43_02G,A1,A2,F2,G
AGAACTGTTAGAGGAGCTTAAAA	01_AE,15_01B,20_BG,23_BG,24_BG,34_01B
AGAACTTTGAATGCATGGGTGAA	01_AE,04_cpx,11_cpx,15_01B,22_01A1,33_01B,36_cpx,45_cpx
AGAAGAGTGGTGGAGAGAGAAAA	01_AE,02_AG,09_cpx,11_cpx,19_cpx,22_01A1,23_BG,24_BG,25_cpx,26_AU,33_01B,34_01B,35_AD,37_cpx,43_02G,45_cpx,A1,A2,G,H,J
AGAAGCAGAATTAGAGTTGGCAG	01_AE,15_01B,33_01B
AGAAGGAGTAGGAGCAGTATCTC	01_AE,15_01B,16_A2D,22_01A1,33_01B,34_01B,G
AGAAGTGAATTATATAAATATAA	01_AE,02_AG,03_AB,07_BC,08_BC,10_CD,12_BF,14_BG,15_01B,17_BF,18_cpx,21_A2D,22_01A1,24_BG,26_AU,28_BF,29_BF,31_BC,33_01B,35_AD,38_BF1,39_BF,40_BF,42_BF,46_BF,47_BF,49_cpx,A2,B,C,D,F1,F2,H,J
AGAATGTATAGCCCTGTCAGCAT	02_AG,04_cpx,05_DF,09_cpx,10_CD,12_BF,13_cpx,14_BG,16_A2D,17_BF,19_cpx,21_A2D,25_cpx,28_BF,29_BF,31_BC,33_01B,37_cpx,38_BF1,40_BF,42_BF,43_02G,45_cpx,46_BF,47_BF,A2,C,D,F2,G,H,J,K
AGAATTAAGTGCTTCAACTGTGG	01_AE,11_cpx,15_01B,33_01B,34_01B
AGAATTGGGTGTCAACATAGCAG	01_AE,02_AG,15_01B,16_A2D,21_A2D,22_01A1,29_BF,33_01B,34_01B,36_cpx,43_02G,45_cpx,D
AGACACAGCAGGCAGCAGCTGGC	01_AE,02_AG,04_cpx,15_01B,33_01B,34_01B,37_cpx
AGACAGCATACTTTCTGCTAAAA	01_AE,15_01B,19_cpx,33_01B,34_01B,35_AD,37_cpx,A1
AGACATTTTCCTAGGCCCTGGCT	01_AE,09_cpx,14_BG,15_01B,20_BG,22_01A1,23_BG,24_BG,25_cpx,27_cpx,33_01B,34_01B,G
AGACCTTCAGACCTGGAGGAGGA	01_AE,02_AG,04_cpx,10_CD,13_cpx,14_BG,15_01B,16_A2D,21_A2D,26_AU,27_cpx,28_BF,29_BF,33_01B,35_AD,43_02G,45_cpx,47_BF,A2,D,G,K
AGAGAGAAATTAGCAATTACACA	01_AE,33_01B
AGAGAGCAAGCTGAACACCTTAA	01_AE,15_01B,25_cpx,26_AU,33_01B,35_AD,45_cpx
AGAGCAGAAGACAGTGGAAATGA	01_AE,06_cpx,13_cpx,14_BG,15_01B,20_BG,22_01A1,23_BG,24_BG,28_BF,32_06A1,33_01B,34_01B,43_02G,F2,G
AGAGGGAACCCGACAGGCCCGAA	01_AE,02_AG,20_BG,23_BG,24_BG,36_cpx,37_cpx,G
AGATTAATGGAACAAAATGGAAT	01_AE,09_cpx,34_01B
AGCAGCAAAGTCAGCCAAAATTA	01_AE,15_01B,36_cpx
AGCAGCAGAAGGAGTAGGAGCAG	01_AE,02_AG,06_cpx,11_cpx,16_A2D,25_cpx,32_06A1,33_01B,34_01B,43_02G,A1,A2,G,J
AGCAGGAGCAGAAAGACAAGGAA	01_AE,F2
AGCAGGCAGCAGCTGGCACAGGA	01_AE,02_AG,15_01B,33_01B,34_01B,37_cpx
AGCATGACAAAAATCTTAGAGCC	01_AE,02_AG,03_AB,04_cpx,05_DF,06_cpx,07_BC,08_BC,09_cpx,10_CD,14_BG,15_01B,16_A2D,18_cpx,20_BG,21_A2D,23_BG,24_BG,26_AU,28_BF,29_BF,31_BC,33_01B,34_01B,36_cpx,37_cpx,39_BF,44_BF,A1,B,C,D,F1,F2,G,H,K
AGCCTGTTGGTGGGCCAATGTCC	01_AE,15_01B,33_01B
AGCTGGACTGTCAATGATATACA	01_AE,02_AG,05_DF,06_cpx,07_BC,08_BC,09_cpx,10_CD,13_cpx,14_BG,15_01B,16_A2D,18_cpx,19_cpx,21_A2D,22_01A1,24_BG,25_cpx,27_cpx,31_BC,32_06A1,33_01B,34_01B,35_AD,37_cpx,38_BF1,40_BF,43_02G,45_cpx,46_BF,A1,A2,C,D,F1,F2,G,H,J,K
AGCTGGGGATTTACTACACCAGA	01_AE,15_01B,A1
AGCTTTAGATAAAATAGAGGAAG	01_AE,19_cpx,47_BF
AGGAAATATAACAGATGAAGTAA	01_AE
AGGAAGCTGCAGAATGGGACAGG	02_AG,04_cpx,06_cpx,11_cpx,18_cpx,35_AD,45_cpx,49_cpx,A1,A2,D,F2,H,J,K
AGGAAGGTGCTATTTTTAGATGG	01_AE,15_01B,18_cpx,19_cpx,34_01B
AGGACACCTAGCCAGAAATTGCA	01_AE,02_AG,03_AB,09_cpx,11_cpx,15_01B,16_A2D,18_cpx,20_BG,22_01A1,23_BG,24_BG,26_AU,32_06A1,33_01B,35_AD,36_cpx,43_02G,46_BF,A1,A2
AGGACGAAGACAGAGAAGTGCTG	01_AE,02_AG,G
AGGCAGGGATACTCACCTTTGTC	01_AE,02_AG,04_cpx,06_cpx,07_BC,08_BC,09_cpx,11_cpx,13_cpx,15_01B,19_cpx,21_A2D,25_cpx,26_AU,33_01B,34_01B,35_AD,36_cpx,37_cpx,38_BF1,43_02G,45_cpx,A1,A2,C,F2,G,H,J,K
AGGCTATAGAGGCTCAACAACAT	02_AG,16_A2D
AGGGAGGTGTGGTTTGGGAGGAG	02_AG
AGGGGGGACTGGATGGGTTAATT	02_AG,03_AB,09_cpx,10_CD,18_cpx,21_A2D,33_01B,35_AD,45_cpx,A1,A2,H,J
AGGGTTTTAACCCAGAAGTAATA	01_AE,17_BF,28_BF,34_01B,36_cpx
AGGGTTTTGGCTGAGGCAATGAG	01_AE,02_AG,11_cpx,12_BF,15_01B,17_BF,18_cpx,29_BF,33_01B,34_01B,40_BF,46_BF,K
AGGTTAGTTAAGAGAATAAGAGA	01_AE,15_01B,33_01B
AGTAAGACAATATGATCAGATAC	01_AE,02_AG,04_cpx,18_cpx,36_cpx,B
AGTACTATAAAGACTGCTGACAA	01_AE,15_01B,33_01B
AGTATAGGTTAATAAATTGTAAT	01_AE,02_AG,18_cpx
AGTCCATTTTAAAAGCATTAGGA	01_AE,02_AG,15_01B,33_01B,34_01B,36_cpx,37_cpx
AGTGGCAATGAGAGTGATGGGGA	02_AG,04_cpx,07_BC,10_CD,19_cpx,26_AU,35_AD,37_cpx,38_BF1,A1,A2,D
AGTTAACTCCTCTCTGCGTTACT	01_AE,15_01B,22_01A1,33_01B,34_01B
ATAAGAACATATTGGGGTCTGCA	01_AE,02_AG,04_cpx,15_01B,33_01B,36_cpx
ATAAGGAAAGCCATATTAGGACA	01_AE,02_AG,04_cpx,06_cpx,07_BC,08_BC,09_cpx,10_CD,11_cpx,12_BF,13_cpx,16_A2D,17_BF,18_cpx,22_01A1,25_cpx,26_AU,29_BF,31_BC,32_06A1,33_01B,35_AD,36_cpx,43_02G,46_BF,47_BF,A1,C,F1,F2,G,H,J
ATAATAGACATAATAGCATCAGA	02_AG,04_cpx,06_cpx,09_cpx,13_cpx,14_BG,19_cpx,25_cpx,27_cpx,32_06A1,36_cpx,43_02G,45_cpx,A1,D,G,J
ATAATAGAGGAGCTAATAAAAAA	01_AE,15_01B
ATAATGATGCAGAGAGGCAATTT	01_AE,10_CD,15_01B,18_cpx,22_01A1,33_01B,35_AD,39_BF,45_cpx,49_cpx,A1,A2,B,D
ATACTATTGACAAGAGATGGTGG	01_AE,05_DF,40_BF
ATACTCACCTTTGTCTTTCCAGA	01_AE,15_01B,33_01B,34_01B
ATACTGCATTCACTATACCTAGT	02_AG,06_cpx,09_cpx,11_cpx,13_cpx,14_BG,25_cpx,27_cpx,32_06A1,36_cpx,45_cpx,G,J,K
ATAGAAATTTGTGGAAAAAAGGC	01_AE,02_AG,03_AB,04_cpx,08_BC,14_BG,15_01B,18_cpx,20_BG,22_01A1,23_BG,24_BG,31_BC,33_01B,35_AD,37_cpx,45_cpx,A1,C,G
ATAGACATCATTATGAAAGCCAG	01_AE,15_01B,33_01B
ATAGAGGAGCTAATAAAAAAGGA	01_AE,15_01B
ATAGCCCGAGAACTGCATCCAGA	01_AE
ATATATGAGATACTTACAGAATC	01_AE,33_01B
ATATGGCAATTAGATTGTACACA	01_AE,02_AG,05_DF,07_BC,08_BC,09_cpx,10_CD,11_cpx,12_BF,13_cpx,17_BF,23_BG,24_BG,25_cpx,27_cpx,29_BF,31_BC,36_cpx,38_BF1,43_02G,44_BF,46_BF,49_cpx,A1,C,D,F1,F2,G,H,J,K
ATATTTATAATGATAGTAGGAGG	01_AE,02_AG,04_cpx,06_cpx,11_cpx,13_cpx,14_BG,15_01B,16_A2D,19_cpx,22_01A1,24_BG,25_cpx,26_AU,27_cpx,32_06A1,33_01B,34_01B,35_AD,36_cpx,37_cpx,43_02G,45_cpx,46_BF,A1,A2,G
ATCAGAAGAACTTAAATCATTAT	01_AE,02_AG,03_AB,06_cpx,09_cpx,15_01B,19_cpx,21_A2D,28_BF,29_BF,33_01B,36_cpx,37_cpx,38_BF1,40_BF,42_BF,43_02G,47_BF,B,D
ATCATACTTCCATGCAGGATAAA	01_AE,34_01B
ATCCCAGCAGAAACAGGACAGGA	01_AE,02_AG,04_cpx,06_cpx,07_BC,09_cpx,11_cpx,12_BF,13_cpx,14_BG,15_01B,16_A2D,18_cpx,19_cpx,21_A2D,22_01A1,23_BG,24_BG,26_AU,31_BC,32_06A1,33_01B,34_01B,36_cpx,37_cpx,43_02G,45_cpx,A1,F1,F2,G,H,J
ATCCCTCAGACCACTCTAGACTG	01_AE,02_AG,04_cpx,43_02G,A1
ATCCGGGAAGTCAGCCTACAACT	01_AE,04_cpx,15_01B,34_01B,45_cpx
ATCCTTGACTTATGGGTCTATAA	01_AE,15_01B,33_01B
ATCTGTAGAAATCAATTGTACCA	01_AE,34_01B
ATGACAAAAATCTTAGAGCCCTT	01_AE,02_AG,04_cpx,05_DF,06_cpx,09_cpx,14_BG,15_01B,16_A2D,18_cpx,21_A2D,26_AU,33_01B,34_01B,36_cpx,37_cpx,46_BF,A1,B,C,D,F1,F2,G,H,K
ATGAGAGAACCAAGGGGAAGTGA	02_AG,03_AB,04_cpx,06_cpx,07_BC,08_BC,09_cpx,10_CD,19_cpx,21_A2D,22_01A1,27_cpx,31_BC,32_06A1,35_AD,37_cpx,39_BF,45_cpx,49_cpx,A1,A2,B,C,D,F2,H
ATGATACAGTATTAGAAGAAATA	01_AE,02_AG,04_cpx,08_BC,09_cpx,11_cpx,18_cpx,27_cpx,31_BC,33_01B,38_BF1,45_cpx,47_BF,49_cpx,C,D,G,H,J,K
ATGATGACAGCATGCCAGGGAGT	01_AE,02_AG,11_cpx,15_01B,20_BG,21_A2D,22_01A1,32_06A1,33_01B,34_01B,35_AD,36_cpx,37_cpx,45_cpx,49_cpx,A1,G
ATGCCAAAACCATAATAGTACAG	02_AG,19_cpx,37_cpx
ATGGCAGTCTAGCAGAAGAAGAG	01_AE,02_AG,10_CD,14_BG,27_cpx,28_BF,29_BF,34_01B,B,D
ATGGGATATGAACTCCATCCTGA	01_AE,02_AG,15_01B,18_cpx,22_01A1,25_cpx,26_AU,33_01B,34_01B,36_cpx,37_cpx,42_BF,A1,H,K
ATGGGTGGCAAGTGGTCAAAAAG	02_AG,05_DF,09_cpx,12_BF,13_cpx,22_01A1,26_AU,35_AD,36_cpx,39_BF,40_BF,45_cpx,B,D,F1,F2,J,K
ATGTGATGCAACCTTTAGAAATA	02_AG,37_cpx
ATGTGGAAAAATAACATGGTAGA	01_AE,02_AG,04_cpx,05_DF,06_cpx,09_cpx,12_BF,14_BG,17_BF,18_cpx,19_cpx,20_BG,22_01A1,23_BG,24_BG,25_cpx,26_AU,27_cpx,28_BF,29_BF,36_cpx,37_cpx,39_BF,40_BF,42_BF,43_02G,44_BF,45_cpx,47_BF,A1,A2,B,F1,F2,G,K
ATTAACAACACCAAAAAGGATAA	01_AE,15_01B,34_01B
ATTAGTAACACCAACAAGGACAA	02_AG
ATTATGGAAAACAGATGGCAGGT	01_AE,02_AG,03_AB,05_DF,06_cpx,09_cpx,11_cpx,12_BF,13_cpx,14_BG,15_01B,16_A2D,17_BF,18_cpx,19_cpx,20_BG,21_A2D,23_BG,24_BG,25_cpx,26_AU,27_cpx,28_BF,29_BF,33_01B,34_01B,35_AD,36_cpx,37_cpx,38_BF1,39_BF,40_BF,42_BF,43_02G,45_cpx,46_BF,47_BF,A1,A2,B,C,CPZ,D,F1,F2,G,H,J,K,N,O,P
ATTCCACCAGGCCAGATGAGGGA	01_AE,02_AG,15_01B,16_A2D,26_AU,29_BF,33_01B,40_BF,F1
ATTGCACACATCTAGAAGGAAAA	01_AE,15_01B,16_A2D,19_cpx,22_01A1,33_01B,34_01B,35_AD,37_cpx,45_cpx,A1,A2
ATTGGGGGGTACAGTGCAGGGGA	01_AE,02_AG,03_AB,04_cpx,05_DF,06_cpx,07_BC,08_BC,09_cpx,10_CD,11_cpx,13_cpx,14_BG,15_01B,18_cpx,19_cpx,20_BG,22_01A1,24_BG,25_cpx,26_AU,27_cpx,29_BF,31_BC,32_06A1,33_01B,34_01B,35_AD,36_cpx,37_cpx,39_BF,42_BF,43_02G,44_BF,45_cpx,47_BF,49_cpx,A1,B,C,D,F1,F2,G,H,K
ATTTCAAAAATTGGGCCTGAAAA	02_AG,03_AB,04_cpx,06_cpx,09_cpx,11_cpx,12_BF,13_cpx,16_A2D,17_BF,18_cpx,20_BG,22_01A1,23_BG,24_BG,28_BF,29_BF,31_BC,32_06A1,33_01B,34_01B,35_AD,36_cpx,38_BF1,39_BF,40_BF,42_BF,43_02G,44_BF,45_cpx,46_BF,47_BF,49_cpx,A1,A2,B,D,F1,G,J,K
ATTTTAAAGTGTAATGATAAGAA	01_AE,33_01B
ATTTTGGACATAAGACAAGGGCC	01_AE,02_AG,09_cpx,12_BF,15_01B,17_BF,18_cpx,19_cpx,22_01A1,25_cpx,26_AU,27_cpx,28_BF,29_BF,33_01B,34_01B,36_cpx,37_cpx,38_BF1,40_BF,44_BF,A2,C,F1,F2,G,K
ATTTTTCTATTGCAATACAACAC	01_AE,04_cpx
CAAAGCCTAAAGCCATGTGTAAA	02_AG,03_AB,07_BC,08_BC,15_01B,16_A2D,17_BF,19_cpx,22_01A1,26_AU,28_BF,31_BC,35_AD,36_cpx,37_cpx,39_BF,40_BF,45_cpx,47_BF,A1,A2,B,C,F1
CAACAAATAATAGAACAGTTACA	01_AE,02_AG,22_01A1,33_01B,34_01B,36_cpx,45_cpx,49_cpx
CAACTGCCTGTTACACCCCATGA	01_AE,15_01B,33_01B
CAATACATGGATGACTTGTATGT	01_AE,08_BC,11_cpx,13_cpx,15_01B,17_BF,22_01A1,25_cpx,26_AU,33_01B,38_BF1,45_cpx,46_BF,A1,A2
CAATAGTAGGACTGATAGTAGCG	01_AE,22_01A1,33_01B
CAATATGCATTAGGAATCATTCA	01_AE,03_AB,09_cpx,12_BF,15_01B,20_BG,21_A2D,23_BG,24_BG,33_01B,37_cpx,39_BF,40_BF,B,D,F1,H
CAATGGACATATCAAATTTATCA	01_AE,02_AG,03_AB,05_DF,09_cpx,10_CD,12_BF,13_cpx,15_01B,16_A2D,17_BF,18_cpx,19_cpx,20_BG,21_A2D,22_01A1,23_BG,24_BG,25_cpx,26_AU,28_BF,29_BF,33_01B,34_01B,35_AD,36_cpx,37_cpx,38_BF1,39_BF,40_BF,42_BF,43_02G,44_BF,46_BF,A1,A2,B,D,F1,F2,G,H,J
CAATTGCTGTTAAATGGCAGTCT	01_AE,22_01A1,34_01B,36_cpx,37_cpx,B
CACAAAGGGATTGGAGGAAATGA	01_AE,02_AG,04_cpx,05_DF,06_cpx,10_CD,12_BF,13_cpx,14_BG,16_A2D,17_BF,18_cpx,19_cpx,20_BG,21_A2D,23_BG,24_BG,25_cpx,26_AU,29_BF,32_06A1,33_01B,34_01B,38_BF1,42_BF,43_02G,44_BF,45_cpx,46_BF,47_BF,A2,F1,G,H
CACAGCAATTGGAGAGCAATGGC	02_AG,07_BC,08_BC,09_cpx,10_CD,13_cpx,19_cpx,20_BG,24_BG,25_cpx,26_AU,27_cpx,31_BC,36_cpx,37_cpx,38_BF1,43_02G,44_BF,45_cpx,46_BF,49_cpx,A1,A2,C,D,F2,G,J
CACATGAGACAGAAGTGCACAAT	01_AE,34_01B
CAGAGAACAGGGAGATTCTAAAA	01_AE,02_AG,04_cpx,09_cpx,15_01B,33_01B,45_cpx,A1,F1,G,J
CAGAGAGGCAATTTTAAGGGCCA	01_AE,09_cpx,15_01B,22_01A1,33_01B,34_01B,35_AD,45_cpx,49_cpx,A1
CAGCACAGAACAAAAATAGAGGA	01_AE,15_01B,33_01B
CAGCCTACAACTGCTTGTAGCAA	01_AE,02_AG,15_01B,34_01B,43_02G
CAGGAGACAGCATACTTTCTGCT	01_AE,15_01B,19_cpx,33_01B,34_01B,35_AD,A1
CAGGATTCAGGATCAGAAGTAAA	01_AE,02_AG,04_cpx,06_cpx,09_cpx,10_CD,12_BF,13_cpx,15_01B,17_BF,19_cpx,22_01A1,25_cpx,26_AU,27_cpx,29_BF,31_BC,32_06A1,33_01B,34_01B,35_AD,45_cpx,46_BF,49_cpx,A1,C,F1,F2,K
CAGGGAGAAGAGGCAGGAATGGA	01_AE,11_cpx,15_01B,33_01B,34_01B
CAGTGTTAGTAGGACCTACACCT	01_AE,02_AG,04_cpx,11_cpx,12_BF,15_01B,21_A2D,22_01A1,27_cpx,28_BF,36_cpx,49_cpx,D,F1,K
CATAAAGCAAGGGTTTTGGCTGA	01_AE,02_AG,11_cpx,15_01B,16_A2D,33_01B,34_01B,45_cpx,49_cpx,A2,K
CATAGTTTTAATTGTGGAGGAGA	02_AG,06_cpx,09_cpx,13_cpx,16_A2D,19_cpx,25_cpx,32_06A1,35_AD,36_cpx,37_cpx,45_cpx,A1,A2,H,J
CATATTAGGACAAGTAGTTAGAC	01_AE,02_AG,15_01B,33_01B,34_01B,43_02G
CATCAGAGGGAACCCGACAGGCC	01_AE,36_cpx
CATGCAGGGCCTATTCCACCAGG	01_AE,02_AG,04_cpx,06_cpx,11_cpx,15_01B,16_A2D,33_01B,37_cpx,40_BF,45_cpx,49_cpx,A1,A2,H
CATGCCTGTGTACCCACAGACCC	01_AE,02_AG,04_cpx,07_BC,08_BC,11_cpx,13_cpx,14_BG,15_01B,16_A2D,17_BF,18_cpx,19_cpx,22_01A1,25_cpx,26_AU,27_cpx,28_BF,29_BF,31_BC,33_01B,35_AD,36_cpx,37_cpx,39_BF,40_BF,42_BF,43_02G,45_cpx,47_BF,A1,A2,B,C,F1,G,H
CATGGGGTCTCCATAGAATGGAG	02_AG,10_CD,14_BG,18_cpx,19_cpx,21_A2D,22_01A1,35_AD,37_cpx,45_cpx,A1,A2,G
CATTTTCCTAGGCCCTGGCTCCA	01_AE,09_cpx,14_BG,15_01B,24_BG,25_cpx,27_cpx,33_01B,34_01B,G
CCAAAATGCGAATCCAGACTGTA	01_AE,02_AG,04_cpx,09_cpx,15_01B,33_01B,34_01B,37_cpx,45_cpx,49_cpx
CCAAAGGTAAGTTCAGAAGTACA	01_AE,15_01B,19_cpx,22_01A1,33_01B,C
CCACAGACCCCAACCCACAAGAA	01_AE,02_AG,04_cpx,05_DF,06_cpx,07_BC,08_BC,10_CD,13_cpx,14_BG,15_01B,16_A2D,18_cpx,19_cpx,22_01A1,24_BG,25_cpx,32_06A1,33_01B,34_01B,35_AD,37_cpx,43_02G,45_cpx,47_BF,A2,B,C,F1,H
CCACAGGGATGGAAAGGATCACC	01_AE,02_AG,03_AB,04_cpx,06_cpx,07_BC,08_BC,09_cpx,11_cpx,12_BF,13_cpx,14_BG,15_01B,16_A2D,17_BF,18_cpx,19_cpx,21_A2D,22_01A1,24_BG,25_cpx,27_cpx,28_BF,29_BF,31_BC,32_06A1,33_01B,34_01B,36_cpx,38_BF1,39_BF,42_BF,43_02G,44_BF,45_cpx,47_BF,49_cpx,A1,A2,B,C,D,G,H,J,K
CCAGACCCCTTCCCATCATCAGA	01_AE
CCAGGGATCAGATTCCCACTGTG	01_AE,15_01B
CCAGTGAAAGTAATACACACAGA	02_AG
CCAGTGGGAGAAATCTATAAAAG	01_AE,02_AG,04_cpx,06_cpx,09_cpx,12_BF,16_A2D,17_BF,22_01A1,28_BF,29_BF,38_BF1,39_BF,40_BF,44_BF,46_BF,49_cpx,A2,G,K
CCAGTGGGAGACATCTATAAAAG	01_AE,02_AG,03_AB,15_01B,29_BF,32_06A1,33_01B,34_01B,37_cpx,45_cpx,A1,C,F1,H
CCATTGACAGAAGAAAAAATAAA	01_AE,02_AG,04_cpx,05_DF,08_BC,09_cpx,10_CD,11_cpx,12_BF,13_cpx,14_BG,15_01B,16_A2D,17_BF,19_cpx,20_BG,21_A2D,23_BG,24_BG,25_cpx,26_AU,27_cpx,28_BF,29_BF,31_BC,33_01B,35_AD,36_cpx,38_BF1,39_BF,40_BF,42_BF,45_cpx,46_BF,49_cpx,A1,A2,B,C,D,F1,F2,G,H,J,K
CCCATACAAAGAGAAACATGGGA	01_AE,02_AG,37_cpx,J
CCGGGAAGTCAGCCTACAACTGC	01_AE,02_AG,04_cpx,15_01B,34_01B,43_02G,45_cpx
CCTACAATATTTGGCACTGAAAG	01_AE,15_01B,33_01B,34_01B
CCTCCAACAATACAAGAACAAGT	01_AE,27_cpx,34_01B
CCTCCAGCAGCAGAAGGAGTAGG	01_AE,33_01B,34_01B,A2
CCTGACAAATGGACAGTCCAGCC	02_AG,15_01B,16_A2D,18_cpx,22_01A1,25_cpx,26_AU,31_BC,33_01B,34_01B,36_cpx,A1,A2
CCTGACCTAGCAGACCAACTGAT	01_AE,02_AG,24_BG,33_01B,36_cpx,40_BF,43_02G,45_cpx,G
CCTGATTGGCAAAACTACACACC	01_AE,04_cpx,05_DF,06_cpx,07_BC,10_CD,11_cpx,13_cpx,15_01B,22_01A1,29_BF,31_BC,33_01B,34_01B,36_cpx,C,D,J,K
CCTGGCTCTGGAAAGATACCTAA	02_AG,06_cpx,17_BF,36_cpx,G
CCTGTGCCTCTTCAGCTACCACC	01_AE,02_AG,04_cpx,05_DF,06_cpx,07_BC,09_cpx,10_CD,11_cpx,12_BF,13_cpx,14_BG,15_01B,16_A2D,17_BF,18_cpx,19_cpx,20_BG,21_A2D,22_01A1,23_BG,24_BG,25_cpx,26_AU,28_BF,29_BF,32_06A1,33_01B,34_01B,35_AD,36_cpx,37_cpx,40_BF,43_02G,45_cpx,47_BF,A1,A2,B,C,D,G
CCTTCCAACAAGGGAAGGCCGGG	01_AE,15_01B,34_01B,38_BF1
CCTTTAGATGAAAGCTTTAGAAA	01_AE,15_01B,33_01B,37_cpx,A1
CGAAAGCGAAAGTTCCAGAGAAG	01_AE,02_AG,04_cpx,06_cpx,14_BG,15_01B,20_BG,24_BG,25_cpx,32_06A1,33_01B,43_02G,45_cpx,A1,G
CGAAATATGTTGACTCAGATTGG	01_AE,02_AG,15_01B,22_01A1,33_01B,36_cpx,37_cpx,45_cpx
CGAAGAAGGAGGTGGCGAGCAAG	01_AE,02_AG,15_01B,25_cpx,33_01B,34_01B,36_cpx,37_cpx,G
CGAATCCAGACTGTAAGTCCATT	01_AE,02_AG,15_01B,33_01B,34_01B,37_cpx
CGGGAAATTTTCCTCAGAGCAGA	01_AE,15_01B
CTAAAGCCATGTGTAAAATTAAC	01_AE,02_AG,15_01B,16_A2D,17_BF,28_BF,29_BF,47_BF,A2,B
CTACGGAGCCTGTGCCTCTTCAG	01_AE,14_BG,15_01B,16_A2D,19_cpx,28_BF,29_BF,33_01B,34_01B,40_BF,47_BF,A1,A2,F2,G
CTAGCAGACCAACTGATTCATCT	01_AE,02_AG,33_01B,40_BF,42_BF,45_cpx,G
CTAGGACTTTGGGGCTGCTCTGG	01_AE,09_cpx,12_BF,26_AU,33_01B,34_01B
CTAGTGATTTTAATTTGCCACCT	01_AE,15_01B,27_cpx,33_01B,34_01B,46_BF,F2
CTAGTTGGAGTAATAAAACTTAT	02_AG,06_cpx,36_cpx,42_BF,G
CTATAGTAGCAAAGGAAATAGTA	01_AE,15_01B,33_01B,34_01B,45_cpx,A1
CTATTTTGTGCATCAGATGCCAA	01_AE,22_01A1,33_01B,34_01B,36_cpx
CTATTTTTAGATGGGATAGATAA	01_AE,04_cpx,11_cpx,15_01B,19_cpx,34_01B,35_AD,37_cpx,45_cpx,47_BF,A1,A2
CTCAGGAGGAGATCTAGAAATTA	01_AE,33_01B,34_01B
CTCAGGTCAGGGAAAAAATAAAG	01_AE,15_01B
CTCCACATACCTAGAAGAATCAG	01_AE,13_cpx,15_01B,19_cpx,33_01B,34_01B,37_cpx,45_cpx,A1
CTCCTATGGCAGGAAGAAGCGGA	01_AE,02_AG,03_AB,04_cpx,05_DF,09_cpx,12_BF,13_cpx,14_BG,15_01B,16_A2D,17_BF,19_cpx,20_BG,21_A2D,22_01A1,23_BG,24_BG,25_cpx,28_BF,29_BF,33_01B,34_01B,35_AD,36_cpx,37_cpx,38_BF1,39_BF,40_BF,42_BF,43_02G,44_BF,45_cpx,46_BF,47_BF,A1,A2,B,D,F1,F2,G
CTGAAAATCCATACAATACTCCA	01_AE,02_AG,03_AB,04_cpx,05_DF,06_cpx,10_CD,12_BF,15_01B,17_BF,21_A2D,22_01A1,25_cpx,28_BF,29_BF,32_06A1,33_01B,34_01B,35_AD,38_BF1,39_BF,42_BF,44_BF,45_cpx,46_BF,47_BF,49_cpx,A1,A2,B,D,F1,G
CTGGAACTCCACTTGGAGTAATA	01_AE,33_01B
CTGGCTGTGGAAAGATACCTAAA	01_AE,05_DF,06_cpx,09_cpx,12_BF,13_cpx,14_BG,15_01B,17_BF,22_01A1,26_AU,27_cpx,33_01B,34_01B,35_AD,38_BF1,39_BF,44_BF,45_cpx,46_BF,47_BF,A2,B,D,F1,F2,G,J
CTGTACTGGGTCTCTCTTGCTAG	02_AG,14_BG,37_cpx,G
CTGTGCCTCTTCAGCTACCACCG	01_AE,02_AG,05_DF,07_BC,09_cpx,10_CD,11_cpx,13_cpx,14_BG,15_01B,16_A2D,17_BF,18_cpx,19_cpx,20_BG,21_A2D,22_01A1,23_BG,24_BG,25_cpx,26_AU,28_BF,29_BF,32_06A1,33_01B,34_01B,35_AD,36_cpx,37_cpx,40_BF,43_02G,45_cpx,A1,A2,B,C,D,G
CTTAGGACAGTACATCTATAACA	01_AE
GAAAAAATAAAAGCATTAACAGA	01_AE,02_AG,05_DF,09_cpx,11_cpx,12_BF,13_cpx,14_BG,15_01B,16_A2D,17_BF,19_cpx,21_A2D,22_01A1,25_cpx,26_AU,35_AD,38_BF1,40_BF,45_cpx,46_BF,49_cpx,A1,A2,D,F1,F2,G,H,J,K
GAAAAAATTCGGTTACGGCCAGG	01_AE,05_DF,06_cpx,10_CD,12_BF,15_01B,16_A2D,19_cpx,21_A2D,33_01B,34_01B,38_BF1,D
GAAAGCCAGCATCCAAAGGTAAG	01_AE,15_01B,33_01B
GAAATTGCAGGGCCCCTAGAAAA	01_AE,06_cpx,11_cpx,14_BG,15_01B,16_A2D,17_BF,18_cpx,25_cpx,28_BF,29_BF,33_01B,34_01B,35_AD,37_cpx,38_BF1,40_BF,46_BF,F1,F2,G,H,K
GAACAAAAATAGAGGAGCTAAGA	01_AE,15_01B,34_01B,38_BF1
GAACACCTTAAGACAGCAGTACA	01_AE,02_AG,04_cpx,06_cpx,09_cpx,13_cpx,14_BG,15_01B,16_A2D,19_cpx,20_BG,21_A2D,22_01A1,23_BG,24_BG,25_cpx,26_AU,27_cpx,33_01B,35_AD,36_cpx,37_cpx,38_BF1,43_02G,45_cpx,49_cpx,A2,D,G,H,J
GAACAGGAGACATAATAGGAGAT	01_AE,33_01B
GAACTACACACCAGGGCCAGGGA	01_AE,02_AG,05_DF,12_BF,14_BG,17_BF,19_cpx,20_BG,23_BG,24_BG,28_BF,38_BF1,40_BF,46_BF,B,F1,F2,G
GAAGAAATGATGACAGCATGCCA	01_AE,02_AG,11_cpx,15_01B,20_BG,21_A2D,22_01A1,32_06A1,33_01B,34_01B,35_AD,36_cpx,37_cpx,45_cpx,47_BF,49_cpx,A1,G
GAAGCAGGAACCGAGGGACAAGG	02_AG,04_cpx,37_cpx
GAAGCGGAAGCACCGACGAGGAA	01_AE,14_BG,15_01B,22_01A1,23_BG,24_BG,34_01B,45_cpx,G
GAAGCTATGCATGGACAAGTAGA	01_AE,15_01B,17_BF,19_cpx,33_01B
GAAGGTCTCAAATATCTGGGGAA	01_AE
GAAGTACATATCCCACTAGGAGA	01_AE,15_01B,33_01B,B
GAATCTATGAATAAAGAATTAAA	01_AE,02_AG,04_cpx,06_cpx,09_cpx,13_cpx,15_01B,16_A2D,17_BF,19_cpx,20_BG,21_A2D,23_BG,24_BG,25_cpx,26_AU,27_cpx,36_cpx,37_cpx,39_BF,42_BF,43_02G,45_cpx,A2,B,C,CPZ,D,F2,G,H,J,K
GAATGGGAGTTTGTTAATACCCC	01_AE,11_cpx,15_01B,17_BF,33_01B,A1,C
GACAAAAATCTTAGAGCCCTTTA	01_AE,02_AG,04_cpx,05_DF,06_cpx,09_cpx,14_BG,15_01B,16_A2D,18_cpx,21_A2D,33_01B,34_01B,36_cpx,37_cpx,46_BF,A1,B,C,D,F1,F2,G,H,K
GACACCAGGCAGCAATGCAGATG	02_AG
GACAGATGGAACAAGCCCCAGAA	01_AE,02_AG,05_DF,12_BF,29_BF,35_AD,36_cpx,43_02G,46_BF,47_BF,A1,F1
GACAGTGGAAATGAGAGTGAAGG	01_AE,06_cpx,15_01B,20_BG,23_BG,24_BG,28_BF,33_01B,34_01B,43_02G,G
GACATACAAACTAAAGAATTACA	01_AE,03_AB,05_DF,07_BC,15_01B,17_BF,18_cpx,22_01A1,28_BF,29_BF,33_01B,34_01B,39_BF,42_BF,47_BF,49_cpx,A1,B,C,D,F1,F2,H,J,K
GACGAAGAAAGAGAAGTGCTGAT	01_AE,33_01B,34_01B
GACTCACAGTATGCATTAGGAAT	02_AG,05_DF,06_cpx,12_BF,13_cpx,14_BG,17_BF,22_01A1,25_cpx,26_AU,27_cpx,29_BF,31_BC,32_06A1,35_AD,36_cpx,37_cpx,38_BF1,43_02G,44_BF,46_BF,47_BF,A1,C,F1,F2,G,K
GAGAGACAGGCTAATTTTTTAGG	01_AE,02_AG,03_AB,04_cpx,05_DF,06_cpx,07_BC,09_cpx,11_cpx,13_cpx,14_BG,15_01B,16_A2D,18_cpx,20_BG,21_A2D,22_01A1,23_BG,24_BG,25_cpx,26_AU,27_cpx,32_06A1,33_01B,35_AD,37_cpx,39_BF,40_BF,43_02G,45_cpx,A1,A2,B,C,D,F1,F2,G,H,J,K
GAGATGGGTGCGAGAGCGTCAGT	01_AE,02_AG,03_AB,04_cpx,05_DF,06_cpx,09_cpx,10_CD,11_cpx,12_BF,13_cpx,14_BG,15_01B,16_A2D,18_cpx,20_BG,23_BG,24_BG,25_cpx,26_AU,27_cpx,28_BF,29_BF,32_06A1,33_01B,38_BF1,39_BF,40_BF,43_02G,45_cpx,46_BF,47_BF,49_cpx,A1,A2,B,C,D,F1,G,H,J,P
GAGCCAAAGCACTAACAGATATA	02_AG,36_cpx,43_02G,A1
GAGCCAACAGCCCCACCAGCAGA	01_AE,02_AG,06_cpx,08_BC,10_CD,11_cpx,13_cpx,15_01B,17_BF,18_cpx,19_cpx,21_A2D,22_01A1,25_cpx,26_AU,27_cpx,28_BF,29_BF,35_AD,37_cpx,38_BF1,44_BF,A2,B,C,D,F1,G,H,J,K
GAGCCAACAGCCCCGCCAGCAGA	01_AE,12_BF,16_A2D,17_BF,28_BF,29_BF,40_BF,42_BF,46_BF,47_BF,A2,F1,F2
GAGCTTAAAAATGAAGCTGTTAG	01_AE,04_cpx,09_cpx,14_BG,15_01B,16_A2D,18_cpx,20_BG,22_01A1,23_BG,24_BG,27_cpx,33_01B,34_01B,G,J
GAGGGAGAAGAGGCAGGAATGGA	02_AG,22_01A1,36_cpx,A1
GAGTAGGAGCAGTATCTCAAGAT	01_AE,02_AG,13_cpx,14_BG,15_01B,16_A2D,22_01A1,24_BG,25_cpx,27_cpx,33_01B,34_01B,35_AD,37_cpx,45_cpx,A1,G
GAGTGAATCAGAGTTAGTCAATC	02_AG,05_DF,09_cpx,10_CD,12_BF,13_cpx,17_BF,21_A2D,26_AU,29_BF,38_BF1,39_BF,46_BF,49_cpx,A1,A2,D,F1
GAGTTAGAAAGATTCGCACTTAA	01_AE,15_01B,33_01B,34_01B
GATAAAATAGAGGAAGTACAAAA	01_AE,19_cpx
GATCAGATACTTATAGAAATTTG	01_AE,02_AG,03_AB,04_cpx,09_cpx,15_01B,18_cpx,33_01B,36_cpx,45_cpx,A1,C
GATCCTAACCTAGAGCCCTGGAA	01_AE,02_AG,04_cpx,05_DF,08_BC,09_cpx,14_BG,15_01B,16_A2D,20_BG,21_A2D,23_BG,24_BG,31_BC,33_01B,34_01B,45_cpx,A1,C,D,G
GATCCTGACCTAGCAGACCAACT	01_AE,02_AG,24_BG,33_01B,36_cpx,43_02G,45_cpx,G
GATGCATGGGAAAAAATTCGGTT	01_AE,03_AB,05_DF,14_BG,15_01B,16_A2D,18_cpx,19_cpx,27_cpx,33_01B,35_AD,37_cpx,38_BF1,46_BF,A1,D,F1,F2,G
GATGGACAGTCCAGCCTATAGAA	01_AE,15_01B,33_01B
GATTGGCAGAACTACACACCAGG	01_AE,02_AG,05_DF,12_BF,14_BG,17_BF,19_cpx,20_BG,23_BG,24_BG,28_BF,29_BF,38_BF1,40_BF,46_BF,47_BF,A2,F1,F2,G,H,O
GCAAAATGCACAAGGGCAAATGG	01_AE,04_cpx,06_cpx,09_cpx,11_cpx,15_01B,16_A2D,22_01A1,27_cpx,33_01B,36_cpx,45_cpx,49_cpx,A2
GCAAATTATAAACATGTGGCAGG	01_AE,08_BC,33_01B,34_01B,C
GCAATAGTAGGACTAGTAGTAGC	02_AG,06_cpx,19_cpx,26_AU,37_cpx
GCAATGAGTCAAGTACAACAGGC	02_AG,18_cpx
GCACCACTGCTGTGCCCTGGAAC	01_AE,19_cpx,27_cpx,33_01B,34_01B,35_AD,D
GCAGAATTAGAATTGGCAGAGAA	01_AE,02_AG,06_cpx,09_cpx,10_CD,13_cpx,15_01B,22_01A1,25_cpx,26_AU,31_BC,32_06A1,33_01B,36_cpx,37_cpx,43_02G,45_cpx,A1,C,J
GCAGATGATACAGTATTAGAAGA	01_AE,02_AG,03_AB,04_cpx,05_DF,06_cpx,07_BC,08_BC,09_cpx,10_CD,11_cpx,12_BF,15_01B,17_BF,18_cpx,19_cpx,20_BG,21_A2D,22_01A1,23_BG,24_BG,26_AU,27_cpx,28_BF,29_BF,31_BC,32_06A1,33_01B,34_01B,35_AD,36_cpx,37_cpx,38_BF1,39_BF,40_BF,42_BF,44_BF,45_cpx,46_BF,47_BF,49_cpx,A1,B,C,D,F1,F2,G,H,J,K
GCAGCAATGCAAATGTTAAAAGA	01_AE,04_cpx,10_CD,15_01B,22_01A1,33_01B,36_cpx
GCAGGCAGCAGCTGGCACAGGAA	01_AE,15_01B,33_01B,34_01B,37_cpx
GCAGGGAGTTGGAAAGATTCGCA	02_AG,04_cpx,09_cpx,19_cpx,26_AU
GCAGGGCCTATTCCACCAGGCCA	01_AE,02_AG,04_cpx,06_cpx,11_cpx,15_01B,16_A2D,18_cpx,25_cpx,33_01B,34_01B,37_cpx,40_BF,45_cpx,49_cpx,A1,A2,G,H
GCAGGGGAAAGAATAATAGACAT	01_AE,02_AG,03_AB,04_cpx,05_DF,06_cpx,09_cpx,10_CD,12_BF,13_cpx,14_BG,15_01B,16_A2D,17_BF,19_cpx,21_A2D,22_01A1,25_cpx,26_AU,27_cpx,28_BF,29_BF,31_BC,32_06A1,33_01B,34_01B,36_cpx,38_BF1,39_BF,40_BF,42_BF,44_BF,45_cpx,46_BF,A1,A2,B,C,D,F1,F2,G,H,J,N
GCATATTTTTCAGTTCCTTTAGA	01_AE,10_CD,15_01B,33_01B,G
GCATTAACAGAAATTTGTAAAGA	01_AE,06_cpx,15_01B,16_A2D,A2,G
GCCAGAAATTGCAGGGCCCCTAG	01_AE,03_AB,04_cpx,06_cpx,07_BC,09_cpx,11_cpx,13_cpx,15_01B,16_A2D,17_BF,18_cpx,20_BG,22_01A1,23_BG,24_BG,25_cpx,27_cpx,28_BF,29_BF,31_BC,32_06A1,33_01B,34_01B,35_AD,36_cpx,37_cpx,38_BF1,39_BF,40_BF,43_02G,44_BF,45_cpx,46_BF,49_cpx,A1,A2,B,C,F1,G,H,K
GCCATAAAGAAAAAAGATAGTAC	02_AG,19_cpx,36_cpx,49_cpx
GCCCAGAAGTAATACCCATGTTC	01_AE,02_AG,04_cpx,06_cpx,08_BC,09_cpx,18_cpx,35_AD,36_cpx,37_cpx,45_cpx,49_cpx,A1,F1
GCGGCGACTGGTGAGTACGCCAA	01_AE,02_AG,04_cpx,06_cpx,07_BC,11_cpx,12_BF,15_01B,20_BG,23_BG,24_BG,25_cpx,26_AU,28_BF,29_BF,32_06A1,33_01B,38_BF1,39_BF,40_BF,42_BF,43_02G,45_cpx,46_BF,47_BF,B,C,F1,G,J
GCGTCAATAACGCTGACGGTACA	01_AE,02_AG,03_AB,04_cpx,06_cpx,07_BC,08_BC,09_cpx,11_cpx,12_BF,13_cpx,15_01B,17_BF,18_cpx,20_BG,21_A2D,22_01A1,23_BG,24_BG,25_cpx,26_AU,27_cpx,29_BF,31_BC,32_06A1,34_01B,36_cpx,38_BF1,39_BF,43_02G,44_BF,45_cpx,46_BF,49_cpx,A1,A2,C,F1,F2,G,H,J,K,N
GCTATAAAGAAAAAGGACAGCAC	01_AE,09_cpx,15_01B,34_01B,A1
GCTGCATAAAAGCAGCCGCTTTT	01_AE,04_cpx,13_cpx,15_01B,22_01A1,33_01B,J
GCTGTTAGACATTTTCCTAGGCC	01_AE,02_AG,05_DF,09_cpx,13_cpx,14_BG,15_01B,16_A2D,17_BF,18_cpx,20_BG,21_A2D,22_01A1,23_BG,24_BG,27_cpx,33_01B,34_01B,35_AD,36_cpx,38_BF1,40_BF,42_BF,44_BF,45_cpx,46_BF,A1,F1,G,J,K
GCTTCAAGCTAGTACCAGTTGAC	01_AE,07_BC,08_BC,12_BF,15_01B,29_BF,31_BC,33_01B,34_01B,38_BF1,40_BF,44_BF,46_BF,47_BF,C,F1
GGAAAACTAAATTGGGCAAGTCA	01_AE,02_AG,04_cpx,05_DF,06_cpx,11_cpx,13_cpx,15_01B,18_cpx,22_01A1,26_AU,27_cpx,32_06A1,33_01B,34_01B,36_cpx,37_cpx,40_BF,43_02G,45_cpx,46_BF,49_cpx,A1,F1,F2,G,H,J
GGAACAGGAGCTACATTAGAAGA	01_AE,11_cpx,34_01B
GGAATACTATTGACAAGAGATGG	01_AE,02_AG,40_BF
GGAATCAGATATCAGTACAATGT	01_AE,15_01B,33_01B,34_01B
GGAATGGATGGACCAAAGGTTAA	01_AE,15_01B,36_cpx
GGAATTCCCTACAATCCCCAAAG	02_AG,04_cpx,05_DF,06_cpx,07_BC,08_BC,09_cpx,10_CD,14_BG,18_cpx,20_BG,23_BG,24_BG,25_cpx,26_AU,27_cpx,31_BC,32_06A1,35_AD,36_cpx,37_cpx,38_BF1,40_BF,43_02G,45_cpx,46_BF,49_cpx,A1,B,C,D,F1,F2,G,H,J,K
GGACTCGAAAGCGAAAGTTCCAG	01_AE,02_AG,04_cpx,06_cpx,14_BG,15_01B,19_cpx,20_BG,24_BG,25_cpx,32_06A1,33_01B,43_02G,45_cpx,A1,A2,G
GGACTGAGACGGGGGTGGGAAGG	01_AE,26_AU,33_01B
GGACTGAGACTGGGGTGGGAAGC	02_AG
GGACTTCCGCTGGGGACTTTCCA	01_AE,15_01B,34_01B
GGAGAAAAGGACTGGCAATTGGG	01_AE,15_01B,33_01B
GGAGGAAATGAACAAGTAGATAA	01_AE,02_AG,04_cpx,05_DF,06_cpx,07_BC,08_BC,09_cpx,11_cpx,12_BF,13_cpx,14_BG,15_01B,18_cpx,19_cpx,20_BG,22_01A1,23_BG,24_BG,25_cpx,26_AU,27_cpx,28_BF,29_BF,32_06A1,33_01B,34_01B,35_AD,36_cpx,38_BF1,39_BF,40_BF,42_BF,43_02G,44_BF,45_cpx,46_BF,47_BF,A1,B,C,D,F1,F2,G,H,J,K
GGATCACCAGCAATATTTCAGGC	02_AG,36_cpx
GGATCCCTACAATATTTGGCACT	01_AE,15_01B,33_01B,34_01B,46_BF,F1,F2
GGATGGGGGAAGAGATAACCTCC	01_AE,02_AG,22_01A1,A1
GGCATAGATAAAGCCCAAGAAGA	02_AG,06_cpx,09_cpx,13_cpx,20_BG,23_BG,24_BG,25_cpx,27_cpx,32_06A1,43_02G,G
GGCCTTTTAGAAACAGCAGAAGG	01_AE,02_AG,04_cpx,06_cpx,15_01B,18_cpx,19_cpx,22_01A1,23_BG,24_BG,26_AU,27_cpx,33_01B,34_01B,35_AD,37_cpx,49_cpx,G
GGCGAGCAAGGCAGAGACAGATC	01_AE,15_01B,25_cpx,37_cpx,H
GGCGCCCGAACAGGGACTTGAAG	02_AG,13_cpx,B,O
GGGAGAAGAGGCAGGAATGGAGC	01_AE,02_AG,11_cpx,22_01A1,33_01B,34_01B,36_cpx
GGGATGGCCTCAGGTCAGGGAAA	01_AE,22_01A1,33_01B
GGGATGGGGGAAGAGATAACCTC	01_AE,02_AG,22_01A1,A1
GGGCAAAGAGAAGAGTGGTGGAG	01_AE,09_cpx,33_01B,35_AD,45_cpx
GGGCTATAGAGGCGCAGCAGCAT	01_AE,20_BG,23_BG,24_BG,25_cpx,33_01B,34_01B,43_02G,G
GGGGAAGCTATGCATGGACAAGT	01_AE,15_01B,17_BF,19_cpx,33_01B,34_01B,37_cpx
GGGGCAGCTAGTAGGGAGACTAA	01_AE,15_01B,22_01A1,33_01B,34_01B
GGGGGAAAATTAGATGCATGGGA	01_AE,02_AG,03_AB,04_cpx,05_DF,09_cpx,14_BG,15_01B,16_A2D,18_cpx,19_cpx,22_01A1,23_BG,24_BG,25_cpx,26_AU,27_cpx,33_01B,36_cpx,37_cpx,38_BF1,43_02G,44_BF,45_cpx,46_BF,49_cpx,A1,F1,F2,G,K
GGGGGAATTGGAGGTTTTATCAA	01_AE,02_AG,04_cpx,05_DF,06_cpx,07_BC,09_cpx,10_CD,11_cpx,12_BF,13_cpx,15_01B,16_A2D,17_BF,18_cpx,19_cpx,20_BG,22_01A1,23_BG,24_BG,25_cpx,26_AU,27_cpx,28_BF,29_BF,32_06A1,33_01B,34_01B,36_cpx,37_cpx,38_BF1,39_BF,40_BF,44_BF,45_cpx,46_BF,47_BF,49_cpx,A2,B,D,F1,F2,G,H,J,K
GTAAAATTATGGTACCAGTTAGA	02_AG,03_AB,04_cpx,05_DF,09_cpx,11_cpx,19_cpx,23_BG,24_BG,25_cpx,37_cpx,49_cpx,A1,D,F2
GTACAGAAACAAGGGCAGGACCA	01_AE,15_01B,33_01B,34_01B
GTACCAAGAAGAAAAGCAAAGAT	01_AE,03_AB,04_cpx,05_DF,06_cpx,09_cpx,11_cpx,12_BF,13_cpx,14_BG,15_01B,16_A2D,17_BF,18_cpx,22_01A1,25_cpx,26_AU,29_BF,33_01B,34_01B,36_cpx,37_cpx,38_BF1,40_BF,44_BF,46_BF,A1,A2,D,F1,F2,G,J,K
GTACTTTTAATATGACCACAGAA	01_AE
GTAGGATCTGACTTAGAGATAGG	02_AG,03_AB,06_cpx,07_BC,10_CD,16_A2D,27_cpx,32_06A1,36_cpx,D
GTAGGCTTTCCAGTCAGGCCGCA	01_AE,02_AG,03_AB,11_cpx,15_01B,18_cpx,22_01A1,33_01B,34_01B,H
GTAGTAATACAAGACAATAGTGA	01_AE,06_cpx,10_CD,13_cpx,15_01B,16_A2D,19_cpx,21_A2D,22_01A1,26_AU,27_cpx,33_01B,34_01B,36_cpx,37_cpx,A2,D,H,J
GTAGTACCAAGAAGAAAAGCAAA	01_AE,02_AG,03_AB,04_cpx,05_DF,06_cpx,09_cpx,11_cpx,12_BF,13_cpx,14_BG,15_01B,16_A2D,17_BF,18_cpx,21_A2D,22_01A1,25_cpx,26_AU,29_BF,32_06A1,33_01B,34_01B,36_cpx,37_cpx,38_BF1,40_BF,43_02G,44_BF,46_BF,A1,A2,B,D,F1,F2,G,J,K
GTAGTAGAATCTATGAATAAGGA	01_AE,15_01B,18_cpx,29_BF,33_01B,34_01B,45_cpx,A1,H
GTATGCTCCTCCCATCAGTGGAA	01_AE,33_01B,34_01B
GTCAACATAGCAGAATAGGCATT	01_AE,02_AG,03_AB,15_01B,22_01A1,25_cpx,28_BF,29_BF,33_01B,34_01B,36_cpx,39_BF,43_02G,45_cpx,B,D
GTCACTGACAGAGGAAGACAAAA	01_AE,02_AG,15_01B,18_cpx,25_cpx,33_01B,43_02G,44_BF,A2
GTCTGGCTGAGAGCACAAGAGGA	01_AE,15_01B,33_01B,34_01B
GTGAGCGGATTCTTAGCACTTGC	01_AE,02_AG,06_cpx,09_cpx,14_BG,18_cpx,31_BC,37_cpx,43_02G,A1,A2,C,F2,G
GTGCTATTAATTTGCTTGATACA	02_AG,18_cpx,20_BG,23_BG,24_BG,25_cpx,27_cpx,G
GTGGCCAGCTGTGATAAATGTCA	02_AG,09_cpx,14_BG,15_01B,19_cpx,20_BG,23_BG,24_BG,25_cpx,27_cpx,37_cpx,43_02G,CPZ,G
GTGGGAAAACTAAATTGGGCAAG	01_AE,02_AG,04_cpx,05_DF,06_cpx,11_cpx,13_cpx,14_BG,15_01B,18_cpx,22_01A1,25_cpx,26_AU,33_01B,34_01B,37_cpx,43_02G,45_cpx,A1,F2,G,H,J
GTTAGCATTTTGGACATAAGACA	01_AE,15_01B,18_cpx,22_01A1,26_AU,33_01B,34_01B,36_cpx,D,F1
GTTATATTGGGGCCAGGAACTAA	01_AE
GTTATCCCAGCAGAAACAGGACA	01_AE,02_AG,04_cpx,06_cpx,07_BC,08_BC,09_cpx,11_cpx,12_BF,13_cpx,14_BG,15_01B,17_BF,18_cpx,19_cpx,22_01A1,23_BG,24_BG,25_cpx,26_AU,29_BF,31_BC,32_06A1,33_01B,34_01B,36_cpx,37_cpx,38_BF1,42_BF,43_02G,44_BF,45_cpx,46_BF,49_cpx,A1,C,F1,F2,G,H,J
GTTTAGTAAAACATCATATGTAT	01_AE,02_AG,11_cpx,14_BG,15_01B,18_cpx,19_cpx,20_BG,21_A2D,22_01A1,23_BG,24_BG,26_AU,35_AD,37_cpx,43_02G,45_cpx,A1,A2,C,F2,G
GTTTATTACAGGGACAGCAGAGA	01_AE,02_AG,04_cpx,05_DF,06_cpx,09_cpx,11_cpx,12_BF,13_cpx,15_01B,16_A2D,17_BF,18_cpx,19_cpx,20_BG,22_01A1,23_BG,25_cpx,26_AU,27_cpx,28_BF,29_BF,31_BC,32_06A1,33_01B,34_01B,35_AD,36_cpx,37_cpx,38_BF1,39_BF,40_BF,42_BF,43_02G,44_BF,45_cpx,46_BF,47_BF,A1,A2,B,D,F1,G,H,J,K
TAAAAGAAACCATCAATGAGGAA	01_AE,15_01B,33_01B,34_01B,B
TAAATTTCCCAATTAGTCCTATT	01_AE,02_AG,11_cpx,15_01B,21_A2D,35_AD,A1
TAACAGAAGATAGATGGAACAAG	01_AE,05_DF,10_CD,14_BG,15_01B,16_A2D,19_cpx,20_BG,21_A2D,22_01A1,23_BG,24_BG,25_cpx,33_01B,34_01B,42_BF,CPZ,D,G,N,O
TAACAGACATAGTACCACTGACT	01_AE,10_CD,11_cpx,13_cpx,18_cpx,25_cpx,31_BC,33_01B,40_BF,A2,G
TACCTCATCCCGCGGGATTAAAA	02_AG,36_cpx
TACTGCATTCACCATACCTAGTA	01_AE,07_BC,10_CD,14_BG,15_01B,16_A2D,19_cpx,21_A2D,22_01A1,26_AU,29_BF,31_BC,33_01B,35_AD,A1,A2,C,H
TAGAAAGATTCGCACTTAACCCT	01_AE,15_01B,33_01B,34_01B,36_cpx
TAGCAAGGGAACCCACTGCTTAA	01_AE,09_cpx,15_01B,16_A2D,26_AU,33_01B,43_02G,45_cpx,A1,D
TAGGAAAAGCAGGGTATGTCACT	01_AE,02_AG,11_cpx,15_01B,25_cpx,27_cpx,33_01B,35_AD,36_cpx,A1,A2,J
TAGTAATATGAATAATGCTGATA	01_AE,15_01B,33_01B
TATAAGCTTGATATAGTACAAAT	01_AE,15_01B,19_cpx,33_01B,A2
TATAGACATCACTATGAAAGTAG	02_AG,04_cpx,05_DF,18_cpx,26_AU,45_cpx,G
TATGATCAGATACTTATAGAAAT	01_AE,02_AG,03_AB,04_cpx,09_cpx,15_01B,18_cpx,25_cpx,33_01B,36_cpx,45_cpx,A1,C
TATGGCAATTAGATTGTACACAT	01_AE,02_AG,05_DF,07_BC,08_BC,09_cpx,10_CD,11_cpx,12_BF,13_cpx,17_BF,23_BG,24_BG,25_cpx,27_cpx,29_BF,31_BC,36_cpx,38_BF1,43_02G,44_BF,46_BF,49_cpx,A1,C,D,F1,F2,G,H,J,K
TATGTATATCTCAAAGAAAGCTA	01_AE,14_BG,15_01B,18_cpx,19_cpx,24_BG,35_AD,45_cpx
TATTACAGGGACAGCAGAGACCC	01_AE,02_AG,04_cpx,05_DF,06_cpx,09_cpx,11_cpx,12_BF,13_cpx,15_01B,16_A2D,17_BF,18_cpx,19_cpx,20_BG,22_01A1,23_BG,25_cpx,26_AU,27_cpx,28_BF,29_BF,32_06A1,33_01B,34_01B,36_cpx,37_cpx,38_BF1,39_BF,42_BF,43_02G,44_BF,45_cpx,46_BF,47_BF,D,F1,G,H,J
TATTGGCAGGCTACCTGGATTCC	01_AE,02_AG,09_cpx,12_BF,15_01B,16_A2D,21_A2D,22_01A1,24_BG,26_AU,33_01B,34_01B,35_AD,37_cpx,43_02G,A1,A2
TCAAATATCTGGGGAATCTTCTG	01_AE,15_01B,16_A2D,18_cpx,19_cpx,23_BG,25_cpx,33_01B
TCAGAAGTACACATTCCACTAGG	02_AG,19_cpx,36_cpx,D
TCAGACAACTTGTGGGTTACAGT	01_AE,33_01B,34_01B
TCAGAGCAGTAAGGATCATCAAA	01_AE,14_BG,15_01B,24_BG,26_AU
TCATGGGTACCAGCACACAAAGG	01_AE,02_AG,04_cpx,05_DF,06_cpx,09_cpx,10_CD,11_cpx,12_BF,13_cpx,14_BG,15_01B,16_A2D,17_BF,18_cpx,21_A2D,22_01A1,25_cpx,26_AU,27_cpx,29_BF,31_BC,32_06A1,33_01B,34_01B,36_cpx,37_cpx,38_BF1,42_BF,43_02G,44_BF,45_cpx,46_BF,47_BF,A1,A2,C,F1,G,H,J,K,P
TCCGGGAAGTCAGCCTACAACTG	01_AE,04_cpx,15_01B,34_01B,45_cpx
TCCTATACCAAAGCAGTAAGTAA	01_AE,04_cpx,33_01B
TCCTATGGCAGGAAGAAGCGGAA	01_AE,02_AG,04_cpx,13_cpx,14_BG,15_01B,20_BG,22_01A1,23_BG,24_BG,33_01B,34_01B,45_cpx,A1,G
TCCTGTACCAAAGCAGTGAGTAG	02_AG,20_BG,21_A2D,G
TCGCTTGTACTGGGTCTCTCTTG	01_AE,02_AG,06_cpx,09_cpx,15_01B,16_A2D,32_06A1,33_01B,A1,J,N
TCTCAAAGAAAGCTAAAAAGTGG	01_AE,15_01B,19_cpx,33_01B
TCTCCATAGAATGGAGGCAGAGA	01_AE,14_BG,15_01B,19_cpx,33_01B,34_01B,45_cpx,G,H,J
TGAGGATTAGAACATGGAACAGT	01_AE,02_AG,03_AB,14_BG,15_01B,16_A2D,18_cpx,21_A2D,23_BG,24_BG,28_BF,33_01B,37_cpx,42_BF,43_02G,A1,A2,F2,G
TGCAAAATGCACAAGGACAAATG	01_AE,02_AG,34_01B
TGCAAAATGCACAAGGGCAAATG	01_AE,02_AG,03_AB,04_cpx,06_cpx,09_cpx,11_cpx,15_01B,16_A2D,18_cpx,22_01A1,27_cpx,32_06A1,33_01B,35_AD,36_cpx,37_cpx,45_cpx,49_cpx,A1,A2
TGCCTGTGTACCCACAGACCCCA	01_AE,02_AG,04_cpx,07_BC,08_BC,11_cpx,13_cpx,14_BG,15_01B,16_A2D,17_BF,18_cpx,19_cpx,22_01A1,25_cpx,26_AU,27_cpx,29_BF,31_BC,33_01B,34_01B,35_AD,37_cpx,39_BF,43_02G,45_cpx,47_BF,A1,A2,B,C,F1,G,H
TGCTATTTCTTTGCTTGATGCTA	01_AE,15_01B
TGCTTTCTGAACAAGGGCTTAGG	02_AG,20_BG,24_BG,25_cpx,36_cpx,43_02G,A1,G
TGGAAACCAAAAATGATAGGGGG	01_AE,02_AG,03_AB,04_cpx,05_DF,06_cpx,07_BC,09_cpx,10_CD,11_cpx,12_BF,13_cpx,14_BG,15_01B,16_A2D,17_BF,18_cpx,19_cpx,20_BG,21_A2D,22_01A1,23_BG,24_BG,25_cpx,26_AU,27_cpx,28_BF,29_BF,33_01B,34_01B,35_AD,36_cpx,38_BF1,40_BF,42_BF,43_02G,45_cpx,46_BF,47_BF,49_cpx,A1,A2,B,D,F1,F2,G,H,J,K,O,P
TGGAAAGGTGAAGGGGCAGTAGT	01_AE,02_AG,04_cpx,05_DF,06_cpx,07_BC,08_BC,09_cpx,10_CD,11_cpx,12_BF,13_cpx,14_BG,15_01B,16_A2D,17_BF,18_cpx,19_cpx,20_BG,21_A2D,22_01A1,23_BG,24_BG,25_cpx,26_AU,27_cpx,28_BF,29_BF,31_BC,32_06A1,33_01B,34_01B,35_AD,36_cpx,37_cpx,38_BF1,39_BF,40_BF,42_BF,44_BF,46_BF,49_cpx,A1,A2,B,C,CPZ,D,F1,F2,G,H,J,K,P
TGGAAATTAGTGCAATAGTAGGA	01_AE,15_01B,33_01B
TGGCCAAACTTGTGGAAATGGGG	01_AE,15_01B,33_01B
TGGCCGGGGCGGAGTTGGGGAGT	01_AE,15_01B,33_01B,34_01B
TGGGGATACTTGGGAAGGGGTTG	01_AE,02_AG,04_cpx,15_01B,22_01A1,33_01B,36_cpx,45_cpx,A1,G
TGGGGCTGCTCTGGAAAAATCAT	01_AE,27_cpx,31_BC,33_01B,34_01B
TGGGGGATGGGGGAAGAGATAAC	01_AE
TGGGTTACAGTTTATTATGGGGT	01_AE,13_cpx,15_01B,21_A2D,33_01B,34_01B,36_cpx
TGGTATATAAAAATATTTATAAT	01_AE,02_AG,04_cpx,11_cpx,13_cpx,14_BG,15_01B,16_A2D,19_cpx,23_BG,24_BG,25_cpx,26_AU,27_cpx,32_06A1,33_01B,34_01B,35_AD,36_cpx,37_cpx,43_02G,45_cpx,A1,A2,G
TGGTGGATGGAGTATTGGCAGGC	01_AE,02_AG,15_01B,21_A2D,22_01A1,23_BG,24_BG,26_AU,33_01B,34_01B,36_cpx,37_cpx,43_02G,D
TGGTTTGACATAACAAAATGGCT	01_AE,02_AG,05_DF,15_01B,21_A2D,24_BG,25_cpx,29_BF,31_BC,36_cpx,B,G,K
TGTACTCCAGCTGGTTATGCGAT	01_AE,33_01B,34_01B,A1
TGTGAATATCCATCAGGACATAA	01_AE,15_01B
TGTGGACTATAGTAGCTATAGAA	01_AE,15_01B,22_01A1,33_01B
TGTGTTTTGGATGGTGCTTCAAG	01_AE,11_cpx,13_cpx,15_01B,22_01A1,33_01B
TGTTAAATGGCAGTCTAGCAGAA	01_AE,02_AG,11_cpx,13_cpx,14_BG,19_cpx,22_01A1,27_cpx,28_BF,29_BF,34_01B,36_cpx,37_cpx,38_BF1,39_BF,45_cpx,A1,B
TGTTGACTCAGATTGGTTGCACT	02_AG,10_CD,17_BF,44_BF,46_BF,B,D,F1,F2,G
TGTTGGTGGGCAAATGTCACACA	02_AG,09_cpx,43_02G
TTAAAAGAAAAGGGGGGATTGGG	01_AE,02_AG,03_AB,04_cpx,05_DF,06_cpx,07_BC,08_BC,09_cpx,10_CD,11_cpx,12_BF,13_cpx,14_BG,15_01B,16_A2D,17_BF,18_cpx,19_cpx,20_BG,21_A2D,22_01A1,23_BG,24_BG,25_cpx,26_AU,27_cpx,28_BF,29_BF,31_BC,32_06A1,33_01B,34_01B,35_AD,36_cpx,37_cpx,38_BF1,39_BF,40_BF,42_BF,43_02G,44_BF,45_cpx,46_BF,47_BF,49_cpx,A1,A2,B,C,CPZ,D,F1,F2,G,H,J,K,N,O,P
TTAAATATGATGCTAAATATAGT	01_AE,15_01B,33_01B,34_01B
TTAGAAGAAATGATGACAGCATG	01_AE,02_AG,04_cpx,08_BC,10_CD,11_cpx,15_01B,16_A2D,19_cpx,21_A2D,22_01A1,29_BF,31_BC,32_06A1,34_01B,35_AD,36_cpx,37_cpx,45_cpx,49_cpx,A1,A2,C,D,K
TTAGGAATACCGCATCCAGCAGG	01_AE,04_cpx,15_01B,34_01B,F1
TTCCAGTCAGGCCGCAGGTACCT	01_AE,02_AG,03_AB,11_cpx,15_01B,18_cpx,22_01A1,33_01B,34_01B,H
TTGATCCTTGGGTTGGTGATAAT	01_AE,04_cpx,06_cpx,13_cpx,14_BG,15_01B,19_cpx,25_cpx,32_06A1,33_01B,36_cpx,37_cpx,43_02G,G
TTGGGGTCTGCAAACAGGAGAAA	01_AE,02_AG,27_cpx,45_cpx
TTGTCTGGTATAGTGCAACAGCA	01_AE,02_AG,03_AB,04_cpx,07_BC,08_BC,09_cpx,10_CD,11_cpx,13_cpx,15_01B,18_cpx,19_cpx,21_A2D,27_cpx,28_BF,29_BF,33_01B,34_01B,40_BF,42_BF,47_BF,A2,B,C,D,F2,H,K
TTTAGGGAAAATTTGGCCTTCCA	01_AE,02_AG,09_cpx,10_CD,11_cpx,12_BF,14_BG,15_01B,18_cpx,21_A2D,22_01A1,25_cpx,27_cpx,32_06A1,35_AD,36_cpx,37_cpx,38_BF1,44_BF,45_cpx,46_BF,47_BF,49_cpx,A1,A2,D,F1,F2,G,H
TTTATAATGATAGTAGGAGGTTT	01_AE,02_AG,13_cpx,14_BG,15_01B,19_cpx,25_cpx,27_cpx,34_01B,36_cpx,37_cpx,43_02G,G
TTTATCAAGAGCCATTTAAAAAT	01_AE,02_AG,03_AB,09_cpx,12_BF,15_01B,17_BF,21_A2D,22_01A1,26_AU,28_BF,29_BF,33_01B,34_01B,35_AD,36_cpx,38_BF1,39_BF,40_BF,44_BF,46_BF,A1,B,F1
TTTCTATGTAGATGGGGCAGCTA	01_AE,02_AG,04_cpx,05_DF,06_cpx,09_cpx,10_CD,11_cpx,15_01B,16_A2D,18_cpx,19_cpx,20_BG,21_A2D,23_BG,24_BG,25_cpx,26_AU,27_cpx,28_BF,31_BC,33_01B,34_01B,36_cpx,37_cpx,42_BF,43_02G,45_cpx,47_BF,49_cpx,A2,B,D,F2
TTTGTTCATTTCAGAATTGGGTG	01_AE,02_AG,04_cpx,09_cpx,15_01B,22_01A1,26_AU,33_01B,34_01B,36_cpx,43_02G,45_cpx,A1,A2
TTTTCAGTTCCCTTAGATGAAGA	02_AG,06_cpx,17_BF,19_cpx,23_BG,24_BG,28_BF,29_BF,35_AD,B,D
